FID,NAME,ACREAGE,SOURCE,NOTES,OWNER,USER_,Shape__Area,Shape__Length
1,TORCH CLUB CLUBGROUNDS,169.1,EWGCC,DOQ/PBed,Private,Private,7.11E-05,0.040758336
2,THE WOODLANDS GC,145.61,EWGCC,DOQ/PBed,Private,Private,6.12E-05,0.036224027
3,CLOVERLEAF GC,104.76,EWGCC,DOQed-ok,Private,Public,4.40E-05,0.030355273
4,WADLOW MUNICIPAL GC,57.5,EWGCC, ,City,Public,2.42E-05,0.020305132
5,GORDON MOORE COMMUNITY PARK,188.91,EWGCC,DOQed,City,Public,7.93E-05,0.040697801
6,ROCK SPRING PARK/GC,142.64,EWGCC,DOQedMINUS,City,Public,5.99E-05,0.04023538
7,GORDON MOORE COMMUNITY PARK/OLIN GC,469.26,EWGCC,DOQedMINUS,City,Public,0.000197058,0.059096534
8,KUTTER PARK,21.37,EWGCC, ,City(Twp),Public,8.97E-06,0.01312213
9,HASKELL PARK,7.07,EWGCC,DOQed,City,Public,2.97E-06,0.007181362
10,RIVERFRONT PARK,25.96,EWGCC,DOQedPLUS,City,Public,1.09E-05,0.01776485
11,RUSSELL COMMONS PARK,17.57,EWGCC,DOQedPLUS,City,Public,7.38E-06,0.014113205
12,VAN PRETER PARK,16.66,EWGCC, ,City,Public,6.99E-06,0.013507453
13,BELK PARK/BELK PARK GC,248.86,EWGCC,PLUS,City,Public,0.000104451,0.050780458
14,EAST END PARK,10.53,EWGCC,DOQed-FCshape,City,Public,4.42E-06,0.009466996
15,BENBOW FIELD,5.46,EWGCC,former soccer fields,City,Public,2.29E-06,0.006061205
16,ROXANA COMMUNITY PARK,37.55,EWGCC,DOQed,City,Public,1.58E-05,0.018559991
17,SOUTH ROXANA DAD'S CLUB  PARK,9.23,EWGCC,DOQed,City,Public,3.87E-06,0.008327466
18,HARTFORD PARK,16.38,EWGCC, ,City,Public,6.87E-06,0.012034455
19,MITCHELL A.C. ATHLETIC PARK,18.72,EWGCC,DOQed-ok,City,Public,7.84E-06,0.014599758
20,THE LEGACY GC,204.21,EWGCC,added-DOQed-RESincl,Private,Public,8.55E-05,0.04553421
21,HICKEY PARK,13.8,EWGCC,DOQed,City,Public,5.78E-06,0.0097042
22,WILSON PARK,69.15,EWGCC,DOQed-ok,City,Public,2.90E-05,0.023038772
23,ARLINGTON GC,192.54,EWGCC,DOQ/PBedApprx,City,Public,8.06E-05,0.037263159
24,PENROSE PARK,47.76,EWGCC,DOQed-guesstimate,City,Public,2.00E-05,0.021902687
25,O'FALLON PARK,175.63,EWGCC,DOQed-split?,City,Public,7.35E-05,0.038347338
26,BARRETT BROTHERS PARK,14.37,EWGCC,DOQed-ok,City,Public,6.02E-06,0.009930706
27,LEE PARK,36.64,EWGCC,DOQed-ok,City,Public,1.53E-05,0.018055078
28,SHERMAN PARK,27.13,EWGCC,DOQed-ok,City,Public,1.14E-05,0.014007796
29,HYDE PARK,12.5,EWGCC,DOQed-ok,City,Public,5.23E-06,0.009223424
30,TANDY PARK,5.55,EWGCC,DOQed-ok,City,Public,2.32E-06,0.007339296
31,COLLINSVILLE JAYCEE SPORTS COMPLEX,32.64,EWGCC,DOQedPLUSfcedOK,City,Public,1.37E-05,0.019059093
32,IVORY PERRY PARK,11.56,EWGCC,akaVisitation?DOQed,City,Public,4.84E-06,0.010076778
33,ST. LOUIS PLACE PARK,13.64,EWGCC,DOQed-ok,City,Public,5.71E-06,0.016228426
34,"J. B. ""JET"" BANKS PARK",5.83,EWGCC,DOQed-ok,City,Public,2.44E-06,0.006712377
35,CHAMBERS PARK,6.21,EWGCC,DOQed-ok,City,Public,2.60E-06,0.007385768
36,SLU ATHLETIC FIELDS,9.89,EWGCC,DOQed-ok,Private,Public,4.14E-06,0.009001616
37,ALOE PLAZA,2.31,EWGCC,DOQed-ok,City,Public,9.66E-07,0.005839896
38,KIENER PLAZA,1.77,EWGCC,DOQed,City,Public,7.41E-07,0.003560681
39,FRANZ PARK,8.64,EWGCC,RM,City,Public,3.61E-06,0.007921858
40,BERRA PARK,5.1,EWGCC,DOQed,City,Public,2.13E-06,0.006244618
41,TOWER GROVE PARK,277.07,EWGCC,DOQed,City,Public,0.000115891,0.062345533
42,PLEASANT RIDGE PARK,91.1,EWGCC,DOQed-Apprx,City,Public,3.81E-05,0.028718616
43,LEISURE PARK,7.21,EWGCC,DOQed,City,Public,3.02E-06,0.007240577
44,CLIFTON HEIGHTS PARK,7.05,EWGCC,DOQed-FCshape?,City,Public,2.95E-06,0.009622706
45,MISSOURI BOTANICAL GARDEN,79.69,EWGCC,DOQed,Private,Public,3.33E-05,0.024141384
46,CASEYVILLE TWP SPORTS COMPLEX,19.37,EWGCC,DOQ/PBed,City(Twp),Public,8.10E-06,0.012690617
47,CHEROKEE PARK,5.63,EWGCC,DOQed-ok,City,Public,2.35E-06,0.006573977
48,LYON PARK,10.02,EWGCC,DOQed,City,Public,4.19E-06,0.008619476
49,FRANCIS PARK,57.67,EWGCC,DOQed-ok,City,Public,2.41E-05,0.019483038
50,EVERETT MOODY PARK,54.95,EWGCC,DOQed-MINUS(web),City,Public,2.30E-05,0.022087616
51,CHRISTY PARK,15.46,EWGCC,RM-DOQed,City,Public,6.46E-06,0.018071107
52,ENGELMANN WOODS NA,146.78,MOPUB,DOQedPLUS,MDC,Public,6.14E-05,0.037983337
53,ST. CLAIR COUNTY FOREST PRESERVE,35.35,EWGCC,DOQed-rough-Can'tFC,County,Public,1.48E-05,0.016099186
54,ST. CLAIR CC,149.56,EWGCC,DOQed-FCshape,Private,Private,6.25E-05,0.034193805
55,BELLEVUE PARK,28.13,EWGCC,DOQ/FCed,City,Public,1.18E-05,0.016695475
56,ELMWOOD GC,62.86,EWGCC,DOQ/PBed,Private,Public,2.63E-05,0.026350639
57,SWANSEA MOOSE CLUBGROUNDS,12.54,GEM,DOQ/FCed,Private,Private,5.24E-06,0.010518037
58,CITIZENS PARK,59.93,EWGCC,DOQed-FCshape,City,Public,2.50E-05,0.023169912
59,MELVIN PRICE PARK,24.68,EWGCC,DOQed,City,Public,1.03E-05,0.01578363
60,CAMP FIDDLECREEK,83.39,EWGCC,DOQ/PBed,Private,Semi-Public,3.49E-05,0.026686684
61,SOUTH SIDE PARK,9.53,EWGCC,DOQ/FCed,City,Public,3.98E-06,0.009764041
62,BELLE-CLAIR FAIRGROUNDS & EXPOSITION CTR,17.93,EWGCC,DOQ/FCed,County,Public,7.49E-06,0.01117382
63,CAMP KECK,17.93,EWGCC,DOQ/PBedPLUSgrlscout,Private,Semi-Public,7.49E-06,0.010956552
64,BLACKBURN PARK,14.14,EWGCC,Pacific,City,Public,5.91E-06,0.010088441
65,SHAW NATURE RESERVE,2507.38,EWGCC,DOQ/PBedPLUS(rivr?),Private,Public,0.001047297,0.145319757
66,SUGAR CREEK GC,248.2,EWGCC,DOQed-FCrough,Private,Public,0.000103651,0.10654283
67,PACIFIC CITY PARK,43.7,EWGCC,DOQed-FCshp/name,City,Public,1.83E-05,0.019549106
68,PLEASANT VALLEY PARK,43.88,EWGCC,DOQed,County,Public,1.83E-05,0.018240339
69,ARNOLD CITY PARK,49.5,EWGCC,DOQed,City,Public,2.07E-05,0.021069315
70,BOLM SCHULKRAFT PARK,43.48,EWGCC,DOQed,City,Public,1.81E-05,0.019025523
71,ARNOLD KHOURY LEAGUE PARK,13.19,EWGCC,DOQed,City,Public,5.50E-06,0.009508132
72,HOUSE SPRINGS GC,118.83,EWGCC,DOQed-PlatBkEd,Private,Public,4.96E-05,0.033836427
73,KONARCIK PARK,39.44,EWGCC,DOQed,City,Public,1.64E-05,0.018282979
74,HANFT PARK,36.19,EWGCC,DOQ/PBed,City,Public,1.51E-05,0.016008598
75,SUN VALLEY SPORTS COMPLEX,20.6,EWGCC,DOQed-ok,Private,Public,8.58E-06,0.012675723
76,WARTBURG LUTHERAN RETREAT CTR.,30.66,EWGCC,DOQ/PBedMINUS,Private,Private,1.28E-05,0.018612502
77,LITTLE INDIAN CREEK SF,2509.58,MDC,SF/CA?PBA2-MINUS,MDC,Public,0.001044774,0.22818627
78,SULLIVAN CC,130.03,EWGCC,DOQ/FCed,Private,Public,5.41E-05,0.042122069
79,CRYSTAL HIGHLANDS GC,69.34,EWGCC, ,Private,Public,2.88E-05,0.02177609
80,TRUMAN MEMORIAL PARK,14.39,EWGCC,FC-shp/signs?,not 1 or 2,Closed on field,5.98E-06,0.014304738
81,EMERICK SPORTS COMPLEX,11.89,EWGCC,DOQed,City,Public,4.99E-06,0.008944467
82,WOOD RIVER AQUATIC CENTER,5.57,EWGCC,DOQed,City,Public,2.34E-06,0.006479083
83,WORTHEN PARK,25.36,EWGCC,DOQed-ok,City,Public,1.06E-05,0.01610889
84,RIVERS EDGE GC,91.24,EWGCC,DOQed,Private,Public,3.82E-05,0.031526325
85,DWIGHT DAVIS PARK,9.81,EWGCC,DOQed-ok,City,Public,4.11E-06,0.00933977
86,SHANE VAN FOSSEN MEMORIAL PARK,13.24,EWGCC,DOQ/PB/FCed,City,Public,5.55E-06,0.010323855
87,W.C. HANDY PARK,11.35,EWGCC,DOQed-ok,City,Public,4.75E-06,0.009838512
88,EAGLE PARK MARSH NA,74.08,EWGCC,DOQ/PBedOldFmntGC?,State,Public,3.10E-05,0.024503136
89,HARRIS STOWE ATHLETIC FIELDS,7.23,EWGCC,DOQed-ok,Public,Public,3.02E-06,0.007180123
90,LAFAYETTE PARK,31.88,EWGCC,DOQed,City,Public,1.33E-05,0.014750461
91,COMPTON HILL RESERVOIR PARK,30.06,EWGCC,DOQed,City,Public,1.26E-05,0.014223297
92,SUBLETTE PARK,11.76,EWGCC,DOQed-ok,City,Public,4.92E-06,0.00942278
93,TILLES PARK,29.38,EWGCC,DOQed-ok,City,Public,1.23E-05,0.015178446
94,VIRGINIA PARK,9.52,EWGCC,DOQed,City,Public,3.98E-06,0.008137578
95,GRAVOIS PARK,8.48,EWGCC,DOQed-ok,City,Public,3.55E-06,0.007594543
96,MARQUETTE PARK,17.8,EWGCC,DOQed-ok,City,Public,7.44E-06,0.012225325
97,CARONDELET PARK,176.16,EWGCC,DOQed-ok,City,Public,7.36E-05,0.041991454
98,BELLERIVE PARK,5.81,EWGCC,akaBdwyBluffsHisArea,City,Public,2.43E-06,0.00700165
99,OKAW VALLEY PARK,17.28,EWGCC,DOQed,City,Public,7.20E-06,0.01164328
100,BENTON PARK,14.47,EWGCC,DOQed-ok,City,Public,6.05E-06,0.010544286
101,JEFFERSON NATIONAL EXPANSION MEMORIAL,89.2,MOPUB,St.LouisGatewayArch,USA,Public,3.73E-05,0.0278067
102,LINDENWOOD PARK,14.16,EWGCC,DOQed-ok,City,Public,5.92E-06,0.009879399
103,SIOUX PASSAGE COUNTY PARK,194.49,COPAR, ,County,Public,8.16E-05,0.07407134
104,CHAMP COUNTY PARK,98.85,COPAR, ,County,Public,4.15E-05,0.026587635
105,FORT BELLEF0NTAINE COUNTY PARK,31.05,COPAR, ,County,Public,1.30E-05,0.020221244
106,MULLANPHY PARK,10.26,COPAR,OK,City,Public,4.30E-06,0.009120547
107,KOCH PARK,69.51,COPAR,OK,City,Public,2.92E-05,0.027424279
108,BEHLMANN PARK,6.84,COPAR,OK,City,Public,2.87E-06,0.017491356
109,HARRY S. TRUMAN PARK,33.85,COPAR, ,City,Public,1.42E-05,0.028736163
110,QUEEN ANN PARK,8.45,COPAR,RM,City,Public,3.54E-06,0.011000619
111,HOWDERSHELL PARK,9.47,COPAR, ,City,Public,3.97E-06,0.011120778
112,DUCHESNE PARK,9.21,COPAR,OK,City,Public,3.86E-06,0.009985178
113,VETERANS MEMORIAL COUNTY PARK,117.57,COPAR, ,County,Public,4.93E-05,0.029318441
114,MANION PARK,6.14,COPAR,OK,City,Public,2.57E-06,0.007204893
115,LARIMORE COUNTY PARK,22.95,COPAR, ,County,Public,9.62E-06,0.015334283
116,AUBUCHON PARK,5.62,COPAR, ,City,Public,2.35E-06,0.006278406
117,ST. CIN PARK,9.46,COPAR, ,City,Public,3.97E-06,0.009764571
118,BRIDGETON MUNICIPAL ATHLETIC COMPLEX,68.77,COPAR,WB/RM,City,Public,2.88E-05,0.022255621
119,PERSHALL PARK,12.71,COPAR, ,City,Public,5.33E-06,0.011268553
120,PATRICK J. O'CONNOR MEMORIAL PARK,31.37,COPAR,aka:PETERSON,City,Public,1.32E-05,0.017650072
121,FREEBOURN PARK,15.35,COPAR,WB/RM,City,Public,6.43E-06,0.011352428
122,HUDSON PARK,21.95,COPAR, ,City,Public,9.20E-06,0.013372134
123,INDEPENDENCE PARK,9.76,COPAR,RM,City,Public,4.09E-06,0.009231492
124,DELLWOOD CITY PARK,14.11,COPAR, ,City,Public,5.91E-06,0.012733903
125,HENRY KIEL PARK,6.95,COPAR,not 2-Moline Acres?,City,Public,2.91E-06,0.012570142
126,TANGLEWOOD PARK,6.5,COPAR, ,City,Public,2.73E-06,0.006904724
127,WILDERNESS PARK,8.2,COPAR, ,City,Public,3.43E-06,0.018702202
128,WAYSIDE PARK,8.69,COPAR, ,City,Public,3.64E-06,0.01853816
129,FORESTWOOD PARK,29.76,COPAR,PLUS,City,Public,1.25E-05,0.027935092
130,HELLEBUSH PARK,8.08,COPAR, ,City,Public,3.39E-06,0.008748398
131,RUSSELL PARK,15.51,COPAR, ,City,Public,6.50E-06,0.010785054
132,BRIDGEWAY PARK,11.38,COPAR,aka APPLE TREE PARK,City,Public,4.77E-06,0.009177306
133,KINLOCH COUNTY PARK,8.84,COPAR, ,County,Public,3.71E-06,0.010084777
134,LIONS PARK,11.1,COPAR,3ok,City,Public,4.65E-06,0.010685392
135,ST. CYR PARK,5.78,COPAR, ,City,Public,2.42E-06,0.008585392
136,JANE PARK,15.6,COPAR,aka WOODSON TERRACE,City,Public,6.54E-06,0.0111816
137,NORMANDY PARK,5.87,COPAR,RM,City,Public,2.46E-06,0.009623141
138,EVANS LANE PARK,5.01,COPAR,RM,City,Public,2.10E-06,0.006176694
139,MATTHEWS PARK,5.32,COPAR,NoWebA2,City,Public,2.23E-06,0.00635258
140,RAMONA LAKE PARK,11.48,COPAR,OK-$fishing,City,Public,4.81E-06,0.012132609
141,TIGHE PARK,9.76,COPAR,OK,City,Public,4.09E-06,0.008268845
142,LAKE ARROWHEAD PARK,12.41,COPAR,aka GUTKNECHT PARK,City,Public,5.20E-06,0.014136864
143,WILD ACRES PARK,25.44,COPAR,ok,City,Public,1.07E-05,0.014783539
144,NORMAN MYERS PARK,7.12,COPAR, ,City,Public,2.98E-06,0.007383732
145,VINITA PARK,10,COPAR, ,City,Public,4.19E-06,0.009488284
146,CASTLE PARK,5.35,COPAR, ,City,Public,2.24E-06,0.010881705
147,INDIAN MEADOWS PARK,14.71,COPAR,OK,City,Public,6.16E-06,0.031021865
148,WOODSON PARK,7.01,COPAR,OK,City,Public,2.94E-06,0.00976354
149,FAUST COUNTY PARK,189.67,COPAR,OK?,County,Public,7.94E-05,0.036673283
150,VILLA PARK,5.03,COPAR,RM,City,Public,2.11E-06,0.005934494
151,LAKE SCHOOL PARK,10.03,COPAR,plusOK,City,Public,4.20E-06,0.014647556
152,KAUFMAN PARK,7.85,COPAR,RM,City,Public,3.29E-06,0.00860758
153,BEIRNE PARK,10.06,COPAR,plusOK,City,Public,4.21E-06,0.009361698
154,MOONEY PARK,5.58,COPAR,OK,City,Public,2.34E-06,0.007324792
155,FLYNN PARK,6.66,COPAR,OK,City,Public,2.79E-06,0.009760765
156,CONWAY PARK,30.64,COPAR,OK,City,Public,1.28E-05,0.020431134
157,EDGAR M. QUEENY COUNTY PARK,561.29,COPAR,OK,County,Public,0.000234855,0.073659754
158,TILLES COUNTY PARK,65.69,COPAR, ,County,Public,2.75E-05,0.021242535
159,MEMORIAL PARK,18.13,COPAR, ,City,Public,7.59E-06,0.02072281
160,BRENTWOOD PARK,11.49,COPAR,ok,City,Public,4.81E-06,0.011752738
161,DES PERES PARK,42.37,COPAR,ok,City,Public,1.77E-05,0.022121716
162,IVORY CROCKETT PARK,5.94,COPAR,ok,City,Public,2.48E-06,0.007219252
163,MOCKINGBIRD PARK,5.18,COPAR,OKwebMap,City,Public,2.17E-06,0.00797538
164,CARDINAL PARK,6.38,COPAR,OKwebMap,City,Public,2.67E-06,0.009700237
165,PAUL  A. SCHROEDER PARK,46.27,COPAR,ok-web,City,Public,1.94E-05,0.020167267
166,BLACKBURN PARK,36.22,COPAR,Webster Groves,City,Public,1.51E-05,0.017780249
167,NEW BALLWIN PARK,7.03,COPAR,OK,City,Public,2.94E-06,0.007066515
168,MEMORIAL PARK,19.46,COPAR,MINUS,City,Public,8.14E-06,0.012687772
169,FERRIS PARK,8.87,COPAR,OK,City,Public,3.71E-06,0.01312304
170,OHLENDORF COUNTY PARK WEST,45.75,COPAR,ok,County,Public,1.91E-05,0.017632331
171,MATHILDA-WELMERING COUNTY PARK,5.91,COPAR, ,County,Public,2.47E-06,0.00827922
172,LAUMEIER COUNTY PARK,74,COPAR,MINUS,County,Public,3.09E-05,0.030254898
173,CRESTWOOD PARK,19.78,COPAR, ,City,Public,8.27E-06,0.015090437
174,POSSUM WOODS CA,15.62,COPAR,okWEBa2,MoDNR,Public,6.53E-06,0.012867517
175,HEINE MEINE FIELD,10.36,COPAR,LemayBaseballAssoc.,Private,Public,4.33E-06,0.010260342
176,OHLENDORF COUNTY PARK,10.4,COPAR, ,County,Public,4.35E-06,0.011681968
177,CLYDESDALE COUNTY PARK,116.14,COPAR, ,County,Public,4.85E-05,0.032059076
178,KIWANIS CAMP WYMAN,70.83,COPAR,ok,Private,Private,2.96E-05,0.025515822
179,ANTIRE VALLEY COUNTY MINI-BIKE PARK,68.58,COPAR,RMok,County,Public,2.87E-05,0.027470949
180,ST. LOUIS CO. COMMUNITY CENTER,5.34,COPAR,"FCed(a.k.a.""R-9"")",County,Public,2.23E-06,0.007501893
181,DREWEL PARK,14.82,COPAR,RMok,City,Public,6.19E-06,0.015012943
182,CLASSE COUNTY PARK,7.86,COPAR, ,County,Public,3.28E-06,0.011599474
183,BEE TREE COUNTY PARK,187.11,COPAR, ,County,Public,7.81E-05,0.051414349
184,KIRKWOOD CITY PARK,83.47,COPAR,ok,City,Public,3.49E-05,0.028665699
185,ROBERTSVILLE SP,1129.88,MODNRed,DOQ/PBed-PLUS,MoDNR,Public,0.000471685,0.103104087
186,MERAMEC SP,88.32,MODNR,weird?6788-6896a.TOT,MoDNR,Public,3.68E-05,0.024725978
187,UPPER MISSISSIPPI CA,297.67,MOPUB,DOQed-COEmap,Federal,Public,0.000125111,0.062492554
188,UPPER MISSISSIPPI CA,519.61,MOPUB,DOQed-usedCOEmap,Federal,Public,0.00021828,0.129310646
189,UPPER MISSISSIPPI CA,30.58,MOPUB, ,MDC,Public,1.28E-05,0.019992383
190,BANGERT (LOUIS H) MEM WA,133.71,MOPUBed,DOQedNOTcopar,MDC,Public,5.61E-05,0.039345621
191,ROCKWOODS TOWERSITE,9.12,MOPUB,ok,MDC,Public,3.81E-06,0.007695191
192,CALDWELL MEMORIAL WA,132,MOPUBed,DOQ/PBed,MDC,Public,5.52E-05,0.031568063
193,CATAWISSA CA,215.86,MOPUBed,DOQed,MDC,Public,9.01E-05,0.037533126
194,UHLEMEYER ACCESS,11.92,MOPUB,DOQed,MDC,Public,4.98E-06,0.009234844
195,FLAMM CITY ACCESS,19.03,MOPUB,DOQed-ArnoldParkEd,MDC,Public,7.94E-06,0.011681528
196,HOUSE SPRING ACCESS,12.34,MOPUB,DOQed-akaRkfrd Beac,MDC,Public,5.15E-06,0.013396787
197,TESZARS WOODS CA,139.24,MOPUB,DOQ/WEBed-PLUS!,MDC,Public,5.81E-05,0.045633855
198,CHOUTEAU CLAIM ACCESS,15.32,MOPUB,DOQed,MDC,Public,6.40E-06,0.01039635
199,RIVER  ROUND CA,289.88,MOPUBed,DOQ/PBed,MDC,Public,0.000120898,0.081003903
200,GREEN MEADOW ACCESS,73.89,MOPUBed,ok,MDC,Public,3.08E-05,0.026148679
201,LONG RIDGE CA,1871.06,MOPUBed,DOQ/PBed,MDC,Public,0.000779888,0.184833734
202,REDHORSE ACCESS,47.32,MOPUB, ,MDC,Public,1.97E-05,0.019136223
203,SAND FORD ACCESS,34.65,MOPUB,PLUS,MDC,Public,1.44E-05,0.015427078
204,MERAMEC CA,3726.79,MOPUB,polyProb?4045aTOT,MDC,Public,0.001551884,0.240964081
205,MERAMEC CA - HEYNE (ARTHUR G) MEM ANNEX,176.6,MOPUB, ,MDC,Public,7.36E-05,0.044372926
206,MERAMEC CA,66.87,MOPUBed,polyProb?4045aTOT,MDC,Public,2.78E-05,0.031364941
207,MERAMEC UPLAND FOREST NA,451.28,MODNR,MINUS,MoDNR,Public,0.000187943,0.064369094
208,LABARQUE HILLS NA,330.35,MOPUBed,Fudged,TNC,Public,0.000240615,0.069013115
209,MERAMEC SP,3430.89,MODNR,weird?6788-6896a.TOT,MoDNR,Public,0.001428631,0.235586983
210,YOUNG CA,970.39,MDC,DOQ/WEBed,MDC,Public,0.000405102,0.098331699
211,ALLENTON ACCESS,8.27,COPAR, ,MDC,Public,3.45E-06,0.009543413
212,SWIFTWATER BEND ACCESS,57.34,COPARed,FudgedForPres,MDC,Public,2.39E-05,0.021280839
213,WELDON SPRING HOLLOW NA,400.64,MOPUB,PLUS,MDC,Public,0.000167829,0.084437475
214,PLEASANT HILL PARK,7.95,GEM,DOQ/FCed,City,Public,3.32E-06,0.007787734
215,WOLF BRANCH TOWNSHIP PARK,8.36,GEM,DOQ/FCedINCLschlPlgd,City,Public,3.50E-06,0.007831743
216,STONEWOLF GC,190,GEM,DOQ/PBedPLUS,Private,Public,7.95E-05,0.092294649
217,ROLLING HILLS GC,174.57,GEM,DOQ/PBedApprx,Private,Public,7.34E-05,0.051944831
218,GLAZEBROOK PARK,42.22,GEM,DOQed,City,Public,1.77E-05,0.017019347
219,WARREN LEVIS BOY SCOUT CAMP,252.64,GEM,DOQ/PBed,Private,Semi-Public,0.000106169,0.056846593
220,GODFREY BASEBALL  FIELDS,23.93,GEM,added-ok,Private,Public,1.01E-05,0.01421321
221,ALTON-WOOD RIVER SPORTSMAN CLUB,84.03,GEM,DOQ/PBed,Private,Private,3.53E-05,0.024444352
222,MILTON PARK,14.74,GEM,DOQedPLUS,City,Public,6.19E-06,0.011764255
223,ROSELAND GC,101.7,GEM,DOQ/FCed,Private,Public,4.27E-05,0.034207537
224,ADAMS PARK,6.07,GEM,added-DOQed,City,Public,2.55E-06,0.007072057
225,TOSCO KENDALL HILL PARK,106.82,GEM,DOQ/FCedCorporate,Private,Private,4.48E-05,0.031223958
226,LEWIS & CLARK MEMORIAL SP,76.41,GEM,more OS is adjacent,IDNR,Public,3.20E-05,0.02553886
227,BARRY LOMAN PARK,10.62,GEM,DOQed-ok,City,Public,4.45E-06,0.008479982
228,GATEWAY NATIONAL GC,91.72,GEM,added-DOQed,Private,Public,3.84E-05,0.027853473
229,OUR LADY OF THE SNOWS SHRINE,286.07,GEM,DOQ/PBedPLUS,Private,Public,0.000119558,0.044468907
230,LINCOLN PARK,13.91,GEM, ,City,Public,5.82E-06,0.010291216
231,THE PRAIRIES GC/CAHOKIA PARK,212.47,GEM,DOQ-FCshape,City,Public,8.88E-05,0.082460034
232,TRIPLE LAKES GC,157.38,GEM,DOQed,Private,Public,6.57E-05,0.038687579
233,ZION FELLOWSHIP PARK,5.8,GEM,DOQ/PBed,Private,Semi-Public,2.42E-06,0.007038314
234,YMCA FAMILY RECREATION CTR,60.77,GEM,DOQ/PBed,Private,Semi-Public,2.54E-05,0.019971376
235,BELLE-CLAIR SOCCER PARK,19.91,GEM,DOQ/PBed,Private,Public,8.31E-06,0.012806164
236,RIVER LAKES GC,146.79,GEM,added-DOQed,Private,Public,6.13E-05,0.048097944
237,AMERICAN LEGION PARK,21.99,GEM,DOQed,City,Public,9.18E-06,0.013090979
238,WATERLOO CC,49.17,EWGCC,DOQ/PBed,Private,Private,2.05E-05,0.021827118
239,THE RIDGE GC,196.12,EWGCC,DOQed-RESincldd,Private,Public,8.17E-05,0.059656925
240,MONROE COUNTY FAIRGROUNDS,31.39,EWGCC,DOQ/PBed,County,Public,1.31E-05,0.014798514
241,ANNBRIAR GC,234.18,EWGCC,DOQ/PBedPLUS,Private,Public,9.76E-05,0.057088895
242,ACORN GC,130.32,GEM,DOQ/PBed,Private,Public,5.43E-05,0.037456328
243,HORSESHOE LAKE SFWA,3088.31,ISGS,ilSP-WEBacres2,IDNR,Public,0.001293008,0.241871152
244,PIASA ISLAND,62.91,ISGS,DOQed-usedCOEmap,USA,Public,2.71E-05,0.032369126
245,MISSISSIPPI SANCTUARY NP,48.89,GRLT,DOQed,TNI,Public,2.05E-05,0.018635623
246,OBLATE FATHERS' WOODS NP,244.17,GRLT,DOQed/conease,Private,Private,0.000102579,0.046008706
247,JOHN M. OLIN NP,286.02,GRLT,DOQ/scenease,TNI,Public,0.000120146,0.056178645
248,CAMP VANDEVENTER,79,ISGS,OK,Private,Semi-public,3.29E-05,0.027195564
249,BLUEBIRD PARK,63.92,COPARed,DOQedMINUS!,City,Public,2.67E-05,0.035996235
250,LARSON PARK,15.5,COPAR,merged,City,Public,6.48E-06,0.017828429
251,TIEMEYER PARK,41.02,COPAR,merged,City,Public,1.72E-05,0.018814524
252,KOENEMAN PARK,44.09,COPAR,merged,City,Public,1.85E-05,0.029989106
253,POWDER VALLEY CONSERVATION NATURE CTR,114.41,COPAR,merged,MoDNR,Public,4.78E-05,0.03117214
254,ST. FERDINAND PARK,63.67,COPAR,unioned4OK,City,Public,2.67E-05,0.023427008
255,ST. ANN PARK,29.99,COPAR,mergedPLUS,City,Public,1.26E-05,0.01906317
256,JANUARY WABASH PARK,22.08,COPAR,merged,City,Public,9.26E-06,0.016739388
257,BABLER SOUTHWOODS HOLLOW NA,22.59,GEM,PLUS--notCOPAR,MoDNR,Public,9.45E-06,0.012589139
258,EMERALD GREENS GC,30.86,COPAR,merged,Private,Public,1.29E-05,0.025053863
259,MERAMEC LAKES GC,162.46,GEM,DOQ/PBed,Private,Public,6.77E-05,0.044962441
260,CC OF ST. ALBANS,288.11,GEM,DOQed-PLUS!!,Private,Private,0.000120523,0.143869827
261,FOX RUN GC,286.37,GEM,DOQed-okRESinc?,Private,Private,0.000119557,0.058271759
262,POMME CREEK GC,89.2,GEM,DOQed-FCshp!!!,Private,Public,3.72E-05,0.037908816
263,MASTODON SHS,415.8,MODNR,DOQed,MoDNR,Public,0.0001734,0.085903151
264,DEER CREEK GC,121.99,EWGCC,DOQed-rough,Private,Public,5.09E-05,0.042436927
265,VICTORIA GLADES CA,239.68,MOPUBed,DOQ/PlBkEd,MDC,Public,9.97E-05,0.053997408
266,MISSOURI BLUFFS GC,225.04,GEM,MapQWEBedApprox,Private,Public,9.43E-05,0.048951198
267,SLYSA SOCCER COMPLEX,80.4,GEM,DOQed-FCshape/name,Private,Public,3.37E-05,0.024944044
268,DARDENNE ISLAND CA,823.54,MDC,DOQed-COE,Federal,Public,0.000345816,0.110973735
269,UPPER MISSISSIPPI CA,340.93,MOPUB,merged,MDC,Public,0.000143139,0.055351909
270,ALBRECHT COUNTY PARK,27.31,COPAR,merged,County,Public,1.14E-05,0.026417404
271,KENNEDY CO. REC COMPLEX/QUAIL CREEK GC,265.55,COPAR,merged,County,Public,0.000110875,0.045551317
272,EAGLE SPRINGS GC,127.42,COPAR, ,Private,Public,5.34E-05,0.038518461
273,BRIDGETON BERRY HILL GC,50.4,COPAR,9holes,City,Public,2.11E-05,0.031148421
274,BIRD SANCTUARY,22.96,COPAR,ok,City,Public,9.62E-06,0.019925748
275,CHESTERFIELD GC,216.44,COPAR,GEMadd,Private,Private,9.07E-05,0.048465028
276,NORMANDIE CC,120.42,COPAR,GEMaddn,Private,Public,5.04E-05,0.030557041
277,MILLAR PARK,11.99,COPAR,OK,City,Public,5.02E-06,0.009985569
278,DIELMANN REC COMPLEX/CREVE COUER GC,55.93,COPAR,GEMaddn,City,Public,2.34E-05,0.019844537
279,ST. LOUIS CC,153.22,COPAR,OK,Private,Private,6.41E-05,0.04474255
280,SHAW PARK,53.41,COPAR,plusOK1parcel,City,Public,2.24E-05,0.024604338
281,LOG CABIN CC,50.01,COPAR,OK,Private,Private,2.09E-05,0.021707934
282,WEHNER MEMORIAL PARK,34.33,COPAR,RMok,City,Public,1.44E-05,0.017503079
283,CHERRY HILLS GC,155.12,COPAR, ,Private,Public,6.49E-05,0.040308535
284,JOHNNY MACS SPORTS COMPLEX,49.96,COPAR, ,Private,Public,2.09E-05,0.020165977
285,TAPAWINGO GC,205.2,COPAR, ,Private,Public,8.58E-05,0.102970793
286,HIDDEN VALLEY GOLF & SKI,107.96,COPAR, ,Private,Public,4.51E-05,0.033316344
287,THE PLAYERS GC,191.57,COPAR, ,Private,Private,8.01E-05,0.05190466
288,LAKEWOOD GC,55.57,COPAR, ,Private,Public,2.32E-05,0.019677546
289,BEAUMONT SCOUT RESERVATION,1189.2,COPAR, ,Private,Semi-Public,0.00049689,0.11488465
290,THE LEGENDS GC,252.58,COPAR, ,Private,Private,0.00010553,0.111776408
291,SHERWOOD CC,49.72,COPAR,OK,Private,Private,2.07E-05,0.021769247
292,SUNSET LAKES GC,139.51,COPAR,merged-ok,Private,Public,,
293,WESTBOROUGH CC,78.72,COPAR,merged-ok,Private,Private,3.29E-05,0.02812068
294,ST. ANN MUNICIPAL GC,54.32,COPAR,merged-ok,City,Public,2.28E-05,0.019934926
295,NORWOOD HILLS CC,307.28,COPAR,merged-ok,Private,Private,0.00012874,0.055743348
296,GLEN ECHO CC,140.83,COPAR,merged-ok,Private,Private,5.90E-05,0.032444541
297,PIONEER PARK,7.42,COPAR,merged-ok,City,Public,3.10E-06,0.007082508
298,BELLERIVE CC,211.57,COPAR,merged-ok,Private,Private,8.86E-05,0.051047883
299,ST. VINCENTS COUNTY PARK,130.39,COPAR,merged-ok,County,Public,5.46E-05,0.052537341
300,COLDWATER COMMONS PARK,9.4,COPAR,OK,City,Public,3.94E-06,0.008487833
301,OLD FLEURISSANT GC,128.67,COPAR,merged-ok,Private,Public,5.40E-05,0.049408202
302,LEGION PARK,8.87,COPAR,merged-ok,City,Public,3.71E-06,0.008923954
303,HEMAN PARK,74.71,COPAR,"looksOK,butMINUSweb",City,Public,3.13E-05,0.025145445
304,OLD WARSON CC,140.68,COPAR,merged-ok,Private,Private,5.89E-05,0.037170991
305,WESTWOOD CC,222.64,COPAR,merged-ok,Private,Private,9.32E-05,0.049830321
306,BOGEY CC,62.06,COPAR,merged-ok,Private,Private,2.60E-05,0.030910375
307,MUSICK PARK,8.76,COPAR,WB/RM,City,Public,3.67E-06,0.010640976
308,WHITE BIRCH PARK,32.49,COPAR,RM,City,Public,1.36E-05,0.019727885
309,FOX LAKE COMMON GROUND,18.63,COPAR,RMok,Neighborhood,Public,7.82E-06,0.025606107
310,FLORISSANT VALLEY PARK/CIVIC CTR,40.67,COPAR,OK,City,Public,1.71E-05,0.01859791
311,KHOURY LEAGUE PARK,53.48,COPAR,RM,City,Public,2.24E-05,0.026473854
312,JESKE PARK,7.16,COPAR,RM,City,Public,3.00E-06,0.007264112
313,DELLWOOD RECREATION CTR.,7.45,COPAR,RM,Public,Public,3.12E-06,0.008914787
314,BISSELL HOUSE HISTORICAL PARK,9.31,COPAR,RM,County,Public,3.90E-06,0.007949046
315,OAK VALLEY PARK,24.24,COPAR,DOQ/FCed-plusOK,City,Public,1.02E-05,0.018991932
316,ENDICOTT COUNTY PARK,23.7,COPAR,merged,County,Public,9.93E-06,0.012348456
317,WARSON PARK,11.44,COPAR/ed,DOQedA2tooHighOK,City,Public,4.79E-06,0.013215639
318,SCHAFER PARK,5.61,COPAR,merged,City,Public,2.35E-06,0.00695256
319,LANG ROYCE PARK,14.67,COPAR,RM,City,Public,6.15E-06,0.013335302
320,METCALFE PARK,5.14,COPAR,OK,City,Public,2.15E-06,0.007005664
321,RUTH PORTER MALL,12.34,EWGCC,DOQed-FC?,City,Public,5.16E-06,0.023849161
322,SUGAR CREEK PARK,16.43,COPAR,ok,City,Public,6.87E-06,0.014392601
323,EMMENEGGER NATURE PARK,95.7,COPAR,WB-ok,City,Public,4.00E-05,0.032191392
324,EMMENEGGER NATURE PARK STAGING AREA,17,COPAR,GEMaddWeb,City,Public,7.11E-06,0.013332042
325,BRIGHT-FOWLER COUNTY PARK,12.93,COPAR,RM-merged,County,Public,5.41E-06,0.011677949
326,SOUTHWEST PARK,12.3,COPAR,RM-merged,County,Public,5.14E-06,0.011585678
327,WESTSIDE PARK,10.41,COPAR,ok,City,Public,4.35E-06,0.008728354
328,BUD WEIL MEMORIAL PARK,18.7,COPAR,FENTON COMMUNITY CTR,City,Public,7.81E-06,0.015925617
329,SUNSET CC,163.2,COPAR,RMok,Private,Private,6.82E-05,0.051379692
330,WHITE HAVEN NHS,9.56,COPAR,RM/US Grant's home,USNPS,Public,4.00E-06,0.008421713
331,WASHINGTON U. TYSON RESEARCH CTR.,1897.77,COPAR,RMok,Private,Private,0.000793107,0.142618523
332,FORREST STALEY COUNTY PARK,107.04,COPAR,RMok,County,Public,4.47E-05,0.029233255
333,CLIFTON TERRACE PARK,10.12,GEM,DOQed-ok,City,Public,4.25E-06,0.009361916
334,WHITE HOUSE RETREAT,53.36,COPAR,WB,Private,Private,2.23E-05,0.019975798
335,DICKMAN PARK,5.45,GEM,addedDOQ-ok,City,Public,2.28E-06,0.007176417
336,BUSCHE PARK,6.5,GEM,addedDOQok,City,Public,2.72E-06,0.011748932
337,COSTELLO PARK,5.72,GEM,onList-looksNotPark,City,Public,2.39E-06,0.006264126
338,FAIRGROUND PARK,126.57,EWGCC,DOQed-ok,City,Public,5.30E-05,0.034266477
339,DE SOTO PARK,9.87,GEM,DOQed-ok,City,Public,4.13E-06,0.009703787
340,ALOE PLAZA WEST EXTENSION,1.12,GEM,addedDOQed-ok,City,Public,4.67E-07,0.003505159
341,KAUFMANN PARK,1.26,GEM,DOQed-ok,City,Public,5.27E-07,0.003225919
342,MEMORIAL PLAZA,7.49,GEM,DOQed-ok,City,Public,3.13E-06,0.014183547
343,SOLDIERS MEMORIAL/PARKS,8.56,GEM,DOQed-ok,City,Public,3.58E-06,0.010704205
344,WASHINGTON SQUARE PARK,12.15,GEM,DOQed-CITY HALL,City,Public,5.08E-06,0.009107445
345,MAY AMPHITHREATRE,1.6,GEM,addedDOQed,City,Public,6.69E-07,0.003347167
346,LUTHER ELY SMITH PARK,1.41,GEM,pt. of JNEM,USA,Public,5.91E-07,0.003144358
347,SERRA SCULPTURE PARK,1.09,GEM,addedDOQed,City,Public,4.56E-07,0.002711259
348,GATEWAY ONE OPEN SPACE,0.9,GEM,addedDOQed,Private,Public,3.75E-07,0.002769823
349,CHRISTY PARK,15.85,EWGCC,DOQed-FCshp/name?,City,Public,6.62E-06,0.012999584
350,RIVER DES PERES PARK,7.48,EWGCC,DOQed-FCshape?,City,Public,3.13E-06,0.012337447
351,ST. MARCUS COMMUNITY PARK,23.73,GEM,DOQed-FCshape?,City,Public,9.92E-06,0.015134123
352,RIVER DES PERES PARK,14.73,EWGCC,DOQed-FCshape?,City,Public,6.16E-06,0.017568425
353,WILLMORE PARK,118.73,GEM,addedDOQ-FCshape?,City,Public,4.96E-05,0.04652268
354,RIVER DES PERES PARK,252.57,EWGCC,DOQed-FCshape?,City,Public,0.000105598,0.139348618
355,MIDDLE MISSISSIPPI RIVER NWR,1231.92,GEM,DOQed-okHarlowIDiv,Federal,Public,0.000512145,0.117087672
356,MIDDLE MISSISSIPPI RIVER NWR,77.25,GEM,DOQed-MeissnerIDiv,Federal,Public,3.22E-05,0.022850158
357,ACKFELD PARK,8.92,COPAR,2comb,City,Public,3.73E-06,0.018196289
358,ALGONQUIN CC,95.85,COPAR,2comb,Private,Private,4.01E-05,0.04098736
359,BAERVELDT PARK,9.86,COPAR,2comb,City,Public,4.13E-06,0.01289354
360,CLIFF CAVE COUNTY PARK,221.9,COPAR,2comb,County,Public,9.26E-05,0.07175784
361,DR. EDMUND BABLER SP,2302.7,COPAR,4comb,MoDNR,Public,0.000963748,0.213836469
362,FOREST HILLS CC,172.53,COPAR,4comb,Private,Private,7.22E-05,0.109126891
363,FOUR SEASONS CC,44.51,COPAR,9holes-union2,Private,Private,1.86E-05,0.032917887
364,FORMAN COUNTY PARK,12.97,COPAR,RM-2comb,County,Public,5.42E-06,0.016709929
365,FRANK HOLTEN SFWA,1041.53,EWGCC,DOQed-2comb,IDNR,Public,0.000435474,0.125490099
366,FROSTWOOD PARK,5.31,COPAR,RM-2comb,City,Public,2.23E-06,0.010041418
367,G.J. APPEL PARK,8.96,COPAR,RM-3comb,City,Public,3.74E-06,0.012455971
368,GATEWAY MALL,2.88,GEM,DOQed-2comb,City,Public,1.21E-06,0.006333217
369,GRANT'S FARM,270.81,COPAR,RM-2combWebA2,Private,Public,0.000114617,0.083943327
370,GREENBELT PARK,5.86,COPAR,RM-FCnm-4comb,City,Public,2.45E-06,0.01990937
371,GREENBRIAR HILLS CC,120.52,COPAR,3comb,Private,Private,5.04E-05,0.069854716
372,LORRAINE DAVIS PARK,10.55,COPAR,RMok,City,Public,4.41E-06,0.017051385
373,MEADOWBROOK CC,221.42,COPAR/GEM,2comb,Private,Private,9.27E-05,0.084467408
374,MORT JACOBS PARK,10.3,COPAR,2comb,City,Public,4.32E-06,0.012212909
375,MUSEUM OF TRANSPORTATION,35.68,COPAR,2combMINUS,County,Public,1.49E-05,0.028788423
376,OLIN CLUBGROUNDS,91.76,GEM,addedDOQ-2comb,Private,Private,3.85E-05,0.037288532
377,PARADISE VALLEY GC,114.08,COPAR,2combGEMaddn,Private,Public,4.77E-05,0.071174393
378,ROCKWOODS RESERVATION,1808.24,COPAR,8comb/merge,MDC,Public,0.000756201,0.340078092
379,ROUTE 66 SP,412.13,COPAR,3combWebA2,MoDNR,Public,0.000172211,0.097971178
380,SPRINGDALE PARK,8.63,COPAR,2comb,City,Public,3.61E-06,0.011667591
381,ST. STANISLAUS COUNTY PARK,547.35,COPAR,2comb,County,Public,0.000229633,0.112583503
382,MSD UNION ROAD COUNTY PARK,53.84,COPAR,RM-3comb,County,Public,2.25E-05,0.04540412
383,VLASIS PARK,30.59,COPARed,DOQedCoparMissingPt,City,Public,1.28E-05,0.023727313
384,WEST TYSON COUNTY PARK,445.39,COPAR,2merge,County,Public,0.000186127,0.067515258
385,BECK PARK,152.46,GEM,DOQed-okw/PlatBk,County,Public,6.37E-05,0.03584841
386,SYLVAN SPRINGS COUNTY PARK,73.12,COPAR,WEBchecked,County,Public,3.05E-05,0.027511458
387,COLDWATER CREEK COUNTY PARK,321.27,COPAR,added,County,Public,0.000134782,0.061567253
388,LOWER MERAMEC COUNTY PARK,149.54,COPAR,addedMINUS!!,County,Public,6.24E-05,0.044939413
389,OAK TREE PARK,6.89,COPAR,RMok,City,Public,2.88E-06,0.011107757
390,CREVE COEUR LEGION PARK,20.46,COPAR,COPAR,Private,Public,8.57E-06,0.016014447
391,ABERDEEN GC,218.29,GEMCOPAR,apprxdByParcel,Private,Public,9.12E-05,0.041710825
392,PEVELEY FARM GC,413.51,GEMCOPAR,apprxdByParcel,Private,Public,0.000172821,0.067972436
393,PEVELEY FARM GC,117.99,GEMCOPAR,COPAReditedNEedge,Private,Public,4.93E-05,0.048077191
394,NORTH END PARK,5.84,GEM,DOQ/FCed,City,Public,2.44E-06,0.006803119
395,MATTHEW DICKEY BOYS AND GIRLS CLUB,6.83,GEM,DOQed-guesstimate,Private,Semi-public,2.86E-06,0.007510568
396,OLD COURTHOUSE,1.54,GEM,DOQed-ok,USA,Public,6.45E-07,0.003281151
397,GRANITE CITY YOUTH SOCCER FIELDS,13.53,GEM,DOQed-ok,City,Public,5.67E-06,0.010779007
398,TEAMSTERS HEALTH & MEDICAL CAMP,379.22,GEM,DOQ/PBedGolfEtc,Private,Private,0.000157956,0.059371306
399,BURGER PARK,33.25,EWGCC,FCshape,City,Public,1.39E-05,0.017987124
400,ARAPAHO CAMPGROUNDS,41.39,GEM,DOQed-approx,Private,Public,1.72E-05,0.022959868
401,YOGI BEAR'S JELLYSTONE PARK CAMP RESORT,33.76,COPAR,ok,Private,Public,1.41E-05,0.015379568
402,STRAWBERRY CREEK NATURE AREA,117.3,GEM,DOQed-ArnoldParkEd,City,Public,4.89E-05,0.043774397
403,FERD B. LANG PARK,21.65,GEM,DOQed-ArnoldParkEd,City,Public,9.04E-06,0.016140497
404,HILLSBORO CITY PARK,34.59,GEM,DOQed-approx,City,Public,1.44E-05,0.015683608
405,SUNNYHILL ADVENTURE CENTER,54.62,GEM,DOQed-PlatBkEd,Private,Private,2.28E-05,0.024346419
406,TURNERCAMP,46.78,GEM,FCrough!guesstimate,Private,Private,1.95E-05,0.022986318
407,LION'S DEN OUTDOOR LEARNING CTR.,276.95,GEM,DOQed-approx,Private,Private,0.000115554,0.053355674
408,KOA ST. LOUIS SOUTH,22.67,GEM,DOQ/PBed,Private,Public,9.45E-06,0.014579297
409,VISION OF PEACE HERMITAGES,5.37,GEM,DOQed-approx,Private,Public,2.24E-06,0.006771295
410,LOOKOUT POINT RESORT & CAMPGROUND,49.3,GEM,DOQed-approx,Private,Public,2.06E-05,0.032873367
411,PIN OAK CREEK RV PARK,30.32,GEM,DOQ/PBedMINUS,Private,Public,1.27E-05,0.014796251
412,CAMP HERITAGE CROSSING,399.94,GEM,DOQed-FCapprox,Private,Public,0.000166643,0.06778443
413,FRANKLIN COUNTY BAPTIST CAMP,116.94,GEM,DOQ/PBed,Private,Private,4.87E-05,0.030830782
414,KOA ST. LOUIS WEST,16.34,COPAR,ok,Private,Public,6.83E-06,0.013795984
415,FOREST 44 CA,983.98,COPAR,PLUS,MDC,Public,0.000392004,0.123844226
416,FOREST PARK,1268.13,GEM,DOQed-ok,City,Public,0.000530676,0.151439142
417,MELVIN PRICE LOCKS & DAM 26,97.86,GEM,DOQed-usedCOEmap,USA,Public,4.11E-05,0.101206407
418,RIVERLANDS ENVIRONMENTAL DEMO AREA,2402.68,GEM,DOQ/COEed-WebA2,USA,Public,0.001008514,0.258261752
419,DRESSER ISLAND CA,1406.06,MOPUB,DOQed-usedCOEmap,Federal,Public,0.000590511,0.362873889
420,SLIM ISLAND,37.33,GEM,DOQed-COEmap,USA,Public,1.57E-05,0.034910203
421,TWO RIVERS NWR,120.16,GEM,DOQed-COEmap,Federal,Public,5.05E-05,0.076438748
422,MASON ISLAND CA,344.02,MOPUB,DOQed-COEmap,Federal,Public,0.000144632,0.091184512
423,PERRY ISLAND CA,279.73,EWGCC,DOQed-COEmap,Federal,Public,0.000117583,0.095300043
424,BOLTER ISLAND CA,535.04,MDC,DOQed-COEmap,Federal,Public,0.00022473,0.122030224
425,CUIVRE ISLAND,400.7,GEM,DOQed-COEmap,USA,Public,0.000168415,0.053661288
426,CUIVRE ISLAND CA,569.94,MOPUB,DOQed-COEmap,MDC,Public,0.000239514,0.088866483
427,USACE POOL 26 MA,92.05,GEM,DOQed-COE,USA,Public,3.86E-05,0.028007631
428,USACE POOL 26 MA,41.36,GEM,DOQed-COE,USA,Public,1.74E-05,0.018643133
429,CHOUTEAU/GABARET ISLANDS,3386.64,EWGCC,roughDOQed-get firm,Public,Public,0.001419198,0.26057292
430,USACE  POOL 27 MA,1118.25,GEM,DOQed-COEmap,USA,Public,0.00046856,0.316499022
431,USACE POOL 27 MA,1736.18,GEM,DOQed-COEmap,USA,Public,0.000727599,0.360508338
432,COLUMBIA BOTTOM CA,4129.58,COPAR,DOQedRiv-MINUS,MDC,Public,0.001731937,0.211675911
433,PEABODY RIVER KING SFWA,2322.45,GEM,DOQed-IDNRweb,IDNR,Public,0.000967345,0.18024622
434,BALDWIN LAKE SFWA,946.88,GEM,DOQ/PB/WEBed,IDNR,Public,0.000393851,0.084967479
435,LIVING SPRINGS CAMP,98.6,GEM,DOQ/PBed-Approx,Private,Private,4.10E-05,0.029413819
436,SAUGET FIELD,21.79,GEM,DOQed-ok+parking/etc,City,Public,9.11E-06,0.013687837
437,KING'S HOUSE RETREAT & RENEWAL CTR.,32.17,GEM,DOQed-apprx,Private,Private,1.34E-05,0.016594999
438,TODD HALL RETREAT & CONFERENCE CTR.,45.63,GEM,DOQ/WEBedApprox,Private,Private,1.90E-05,0.019656796
439,QUEEN OF APOSTLES CENTER,13.33,GEM,DOQed-ok,Private,Private,5.56E-06,0.01069409
440,THOMPSON RETREAT CENTER,27.87,COPAR,DOQok,Private,Private,1.17E-05,0.014625713
441,ST. LOUIS CHARISMATIC CENTRE,32.98,COPAR,DOQok,Private,Private,1.38E-05,0.016652335
442,PALLOTINE RENEWAL CENTER,77.01,COPAR,DOQok,Private,Private,3.23E-05,0.029091517
443,MERCY CTR. CONFERENCE/RENEWAL MINISTRY,68.72,COPAR,DOQok-unioned2parcel,Private,Private,2.88E-05,0.022278351
444,LASALLE RETREAT & CONFERENCE CTR.,205.26,COPAR,DOQok-unioned3parcel,Private,Private,8.58E-05,0.047941216
445,LEMAY COUNTY PARK,13.89,COPAR,93buyout12parcels,County,Public,,
446,SUNSET PARK,89.47,COPARed,fudgedCOPAR+induti,City,Public,3.75E-05,0.027463276
447,DEER CREEK  COUNTY PARK,18.56,COPAR,WEBa2,County,Public,7.76E-06,0.018288932
448,STACEY PARK,29.81,COPAR/ed,DOQ/FCedOK,City,Public,1.25E-05,0.018104597
449,PACKWOOD COUNTY PARK,112.94,COPAR, ,County,Public,4.72E-05,0.041121037
450,HUNTERS FORD COUNTY PARK,46.09,COPAR,undev,County,Public,1.92E-05,0.031612742
451,PRAIRIE UNIT(WEST TYSON PARK),20.07,GEM,noCOPAR(nocode)-draw,County,Public,8.39E-06,0.014217851
452,PRAIRIE UNIT(WEST TYSON PARK),138.93,COPAR, ,County,Public,5.81E-05,0.047169782
453,WORLD BIRD SANCTUARY(CASTLEWOOD SP),118.32,COPAR, ,MoDNR,Public,4.95E-05,0.03158103
454,ROSS FIELDS,14.31,GEM,DOQedBsbl/Sftbl,Community,Public,5.97E-06,0.0107772
455,AMERICAN LEGION POST 283,5.74,GEM,DOQed-Baseball,Private,Private,2.39E-06,0.006421103
456,YMCA CIRC LE RANCH DAY CAMP,58.19,GEM,DOQed-PlatBkApprx,Private,Private,2.43E-05,0.020746153
457,JEFFCO LANDFILL RECLAMATION,77.25,GEM,DOQed,Private,Closed,3.22E-05,0.023730329
458,BYRNES MILL PARK,9.09,GEM,DOQ/FCedPavilHistHou,City,Public,3.79E-06,0.010898343
459,HIDE-AWAY HARBOR PARK,50.67,GEM,DOQed-close,County,Public,2.13E-05,0.02882322
460,BEAUMONT SCOUT RESERVATION,1195.35,GEM,DOQed-appPlatBkAddn,Private,Semi-Public,0.00049934,0.1102832
461,MARY THE FONT SOLITUDE,114.7,GEM,DOQed-roughPlatBkAdd,Private,Private,4.79E-05,0.034097814
462,VIANNEY RENEWAL CENTER,97.76,GEM,DOQed-appPlatBkAddn,Private,Private,4.08E-05,0.026296693
463,CAMP SOLIDARITY,190.96,GEM,DOQ/PBed-,Private,Private,7.97E-05,0.048567449
464,REVIVE US AGAIN CHRISTIAN RETREAT,14.07,GEM,DOQed-appPlatBkAddn,Private,Private,5.88E-06,0.013171837
465,NEW ATHENS SPORTSMANS CLUB,15.06,GEM,DOQed-PlatBkAddn,Private,Private,6.27E-06,0.016987539
466,LENZBURG HUNTING & FISHING CLUB,12.92,GEM,DOQed-PlatBkAddn,Private,Private,5.38E-06,0.01054784
467,WEDGEWOOD GREEN SPACE,191.06,GEM,DOQed-ESLARPweb,City,Public,7.99E-05,0.040555976
468,OLDE TOWNE PLAZA PARK,5.18,COPAR/GEM,edCOPARtoGetOnePiece,City,Public,2.16E-06,0.009485662
469,WINDRIDGE SOLITUDE,74.08,GEM,DOQed-PlatBkAddn,Private,Private,3.09E-05,0.023554103
470,GLENDALE SHOOTING CLUB,107.66,GEM,DOQed-PlatBkAddn,Private,Private,4.49E-05,0.034174122
471,MERAMEC CAVERNS,603.16,GEM,DOQed-PlatBkAddPLUS!,Private,Public,0.000251233,0.086562111
472,WOLF HOLLOW GC,172.71,GEM,DOQ/PBed,Private,Public,7.22E-05,0.045379921
473,ANGLERS OF MISSOURI,491.1,GEM,DOQ/PBed,Private,Private,0.000204922,0.08173999
474,CORN COB BEAGLE CLUB,109.43,GEM,DOQ/PBed,Private,Private,4.57E-05,0.031255395
475,BIRCH CREEK GC,276.59,GEM,DOQ/PBed-Approx,Private,Public,0.000115465,0.052841367
476,CC OF ST. ALBANS,36.52,GEM,DOQed-PLUSapprox,Private,Private,1.53E-05,0.022448657
477,CC OF ST. ALBANS,29.51,GEM,DOQed-PLUSapprox,Private,Private,1.23E-05,0.021764819
478,PURINA MILLS,1547.97,GEM,DOQ/PBed,Private,Private,0.000646837,0.154636305
479,LONGMEADOW FARM(HUMANE SOCIETY),175.54,GEM,DOQ/PBed,Private,Private,7.33E-05,0.04341985
480,MAEYSTOWN SPORTSMANS CLUB,71.92,GEM,DOQ/PBedPLUS,Private,Private,2.99E-05,0.024192776
481,MODOC LAKE CLUB,140.19,GEM,DOQ/PBedApproxPLUS!,Private,Private,5.84E-05,0.054652537
482,WEST END KHOURY LEAGUE,19.19,GEM,DOQ/PBed,Private,Public,8.02E-06,0.014049329
483,MISIONARY OBLATES OF MARY,194.57,GEM,DOQ/PBedPLUS,Private,Private,8.13E-05,0.039032378
484,KHOURY LEAGUE COMPLEX,47.78,COPAR,OK,Private,Public,1.99E-05,0.018322125
485,LOWER MERAMEC UNIT PUBLIC LAND,29.8,COPAR, ,County,Public,1.24E-05,0.015367341
486,MILLSTADT VILLAGE PARK,21.99,GEM,DOQed,City,Public,9.18E-06,0.020342016
487,OLDE LANTERN GC(under construction),225.34,GEM,DOQedApprxRESincl,Private?,Semi-Public?,9.42E-05,0.047064024
488,AMERICAN LEGION POST 1255,6.32,GEM,DOQed-Baseball,Private,Private,2.64E-06,0.00703857
489,AMERICAN LEGION POST 784,16.79,GEM,DOQed-Baseball,Private,Private,7.02E-06,0.011502371
490,CAHOKIA ATHLETIC FIELDS,18.74,GEM,DOQed-Baseball,Public,Public,7.83E-06,0.012308983
491,CAHOKIA RV PARQUE,6.99,GEM,DOQedPBed,Private,Public,2.92E-06,0.008571379
492,DEFUNCT PAY FISHING LAKES,34.29,GEM,DOQed,Private,Private,1.43E-05,0.015849704
493,ST. CLAIR COUNTY ANGLERS,42.05,GEM,DOQedPBed,Private,Private,1.76E-05,0.019287788
494,HENRY WHITE EXPERIMENTAL FARM,85.14,GEM,DOQedPBed,Public,Public,3.55E-05,0.025888702
495,ST. CLAIR CO. ANGLERS,41.05,GEM,DOQedPBed,Private,Private,1.71E-05,0.017625691
496,FREEBURG ROD & GUN CLUB,275.48,GEM,DOQedPBed,Private,Private,0.000114775,0.078176844
497,OKAW NORTH HUNTING CLUB,83.24,GEM,DOQedPBed-apprx,Private,Private,3.47E-05,0.033766213
498,MALLARD HUNT CLUB,56.87,GEM,DOQ/PBed,Private,Private,2.37E-05,0.019908939
499,BELLEVILLE ENDURO TEAM CYCLE PARK,107.29,GEM,DOQ/PBed,Private,Semi-Public,4.48E-05,0.02746867
500,RIVER HILLS HUNTING CLUB,365.01,GEM,DOQ/PBed-Apprx,Private,Private,0.000151673,0.057773926
501,JESUITS PROPERTY,467.58,GEM,DOQ/PBed-Apprx,Private,Private,0.000194976,0.087732986
502,FRANCISCAN BROTHERS PROPERTY,262.43,GEM,DOQ/PBFCedNoName,Private,Private,0.000109382,0.049946219
503,SAINTS PETER & PAUL FIELDS,12.61,GEM,DOQ/FCed,City,Public,5.25E-06,0.010795688
504,LAKEVIEW PARK,134.6,GEM,DOQ/FCedApprx,City,Public,5.61E-05,0.043811441
505,BORSCH MEMORIAL PARK,9.73,GEM,DOQ/FCed,City,Public,4.05E-06,0.008654782
506,K OF C CLUBGROUNDS,38.13,GEM,DOQed,Private,Private,1.59E-05,0.0204915
507,K OF C CLUBGROUNDS,13.5,GEM,DOQed,Private,Private,5.64E-06,0.00960844
508,KASKASKIA RIVER ACCESS,6.88,GEM,DOQed,IDC,Public,2.86E-06,0.007679598
509,KASKASKIA RIVER ACCESS/MARINA,10.24,GEM,DOQed,IDC,Public,4.27E-06,0.010339282
510,PEVELY CITY PARK NO. 1,7.27,GEM,DOQed-ok,City,Public,3.03E-06,0.010023018
511,BANK OF AMERICA OPEN SPACE,0.9,GEM,DOQed-,Private,Private,3.75E-07,0.00248247
512,SPLASH CITY FAMILY WATERPARK,12.35,GEM,DOQed,City,Public,5.17E-06,0.011410529
513,ILLINOIS BOOTS & SADDLE CLUB,45,GEM,DOQ/PBed,Private,Private,1.89E-05,0.019578336
514,INDIAN MOUNDS GC,62.28,GEM,DOQ/PBed,Private,Public,2.61E-05,0.022804965
515,CASEYVILLE PARK,23.58,GEM,DOQed/FCedMINUS,City,Public,9.87E-06,0.01628143
516,ALTON MARINA,17.31,GEM,DOQed,City,Public,7.27E-06,0.014652831
517,CAHOKIA MOUNDS SHS,793.94,ISGSed,DOQ/PBed-pt.-Madison,IDNR,Public,0.000332292,0.086806775
518,CAHOKIA MOUNDS SHS,1405.3,ISGSed,DOQ/PBed-pt.-stclair,IDNR,Public,0.000588023,0.130787671
519,KIDD LAKE STATE NA,444.17,GEM/WEB,DOQedMINUS,IDNR,Public,0.000184609,0.064573691
520,FULTS HILL PRAIRIE NP,492.37,GEM/WEB,NationalNaturallLdmk,IDNR,Public,0.000204685,0.073007508
521,CASTLEWOOD SP,1294.43,COPAR,WEBed-MINUS(river?),MoDNR,Public,0.000541138,0.382743577
522,CARROLTON CENTER,9.27,COPAR,DOQed,City,Public,3.89E-06,0.008360365
523,HICKORY WOODS NA,10.22,COPAR,DOQed,MDC,Public,4.28E-06,0.011716826
524,GENTRY COUNTY PARK,26.77,COPAR,DOQed-A2typo?(27?),County,Public,1.12E-05,0.014356821
525,CREVE COEUR MILLENIUM PARK,26.99,COPARed,notCOPAR!-underConst,City,Public,1.13E-05,0.016752072
526,HOUGH PARK,5.82,GEM/WEB,DOQ/FCed,City,Public,2.43E-06,0.006604038
527,OPTIMIST PARK/RICHL.AND CREEK GREENWAY,6.98,GEM/WEB,DOQ/FCed,City,Public,2.91E-06,0.007484698
528,ROTARY PARK,6.04,GEM/WEB,DOQ/FCed,City,Public,2.52E-06,0.009336117
529,BELLEVILLE WEST BASEBALL FIELDS,10.38,GEM,DOQ/FCed,City,Public,4.33E-06,0.008743068
530,GATEWAY PARK,8.6,GEM,DOQ/FCed-apprx,City,Public,3.59E-06,0.011729416
531,EAST END PARK,6.5,GEM/WEB,DOQ/JCed,City,Public,2.72E-06,0.009605592
532,CHAMINADE ATHLETIC FIELDS,38.97,COPARed,DOQed-fields only,Private,Public,1.63E-05,0.019217902
533,CLAIRE GEMPP MEMORIAL PARK,13.29,COPAR,wMDC--NaturePark,City,Public,5.55E-06,0.00955032
534,WATSON TRAILS PARK,25.66,COPAR,OK-MINUS?,City,Public,1.07E-05,0.015956489
535,LEGION PARK,10.45,COPAR,OK,City,Public,4.37E-06,0.008868709
536,LIONS PARK,13.27,COPAR,OK,City,Public,5.55E-06,0.009507601
537,SUNNY JIM BOTTOMLEY PARK,28.41,EWGCCed,DOQ/WEBed,City,Public,1.18E-05,0.015910774
538,COLMARILE PARK,122.18,COPAR,DOQ/WEBedFabickPpty,City,Public,5.11E-05,0.056562189
539,THE POINT,12.93,COPAR,OK,City,Public,5.41E-06,0.011276188
540,MARYLAND HEIGHTS CENTRE,15.43,COPAR,FCshapeMerged4,City,Public,6.47E-06,0.014817441
541,BENNINGTON WOODS,34.61,COPAR,guessedCOPARparcel,City,Public,1.45E-05,0.023331323
542,RUTH PARK GC,69.67,COPAR,OK,City,Public,2.92E-05,0.025427713
543,RUTH PARK WOODS,20.08,COPAR,OK-w/MDC,City,Public,8.41E-06,0.035047626
544,GREENSFELDER PARK,5.43,COPAR,OK-4comb-streetsOut,City,Public,2.27E-06,0.01478674
545,FOGERTY PARK,11.88,COPARed,OK-fudgedOnePiece,City,Public,4.97E-06,0.008875751
546,WHITECLIFF PARK/CRESTWOOD REC COMPLEX,80.5,COPAR,minusOK,City,Public,3.37E-05,0.028344945
547,OAK KNOLL PARK,20.03,COPAR,plusOK-1InstitPiece,City,Public,8.38E-06,0.013044788
548,JCCA WEST,11.57,COPAR,OK,Private,Private,4.85E-06,0.009107217
549,HAZELWOOD SPORTS COMPLEX,19.19,COPAR,OK,City,Public,8.05E-06,0.015794294
550,KLAMBERG WOODS CA,64.63,COPAR,OK,MDC,Public,2.70E-05,0.02449768
551,QUAILWOODS PARK,9.31,COPAR,OKunioned3,City,Public,3.90E-06,0.022192051
552,EVANGELISTA PARK,81.13,COPAR,OKunioned3,City,Public,3.40E-05,0.035893505
553,K OF C CLUBGROUNDS,8.46,GEM,DOQed,Private,Private,3.54E-06,0.00862605
554,BLANCHE'S SPRING PARK,5.99,COPAR,OKunion2,City,Public,2.51E-06,0.007952247
555,DUNEGANT PARK,56.12,COPAR,minusOK,City,Public,2.35E-05,0.020688556
556,BANGERT PARK,13.03,COPAR,OK,City,Public,5.46E-06,0.013587265
557,MALCOLM TERRACE PARK,21.54,GEM,notCopar-it'sAmess,City,Public,9.02E-06,0.016798699
558,GRANT'S TRAIL,76,COPARed,hadToDigitizeAddns,Private,Public,3.18E-05,0.206561568
559,AFFTON ATHLETIC FIELDS,63.2,COPAR,OKunion4,Private,Public,2.64E-05,0.034443628
560,KOA GRANITE CITY,8.19,GEM,DOQ/FCed,Private,Public,3.43E-06,0.008098198
561,LAKESIDE CAMPGROUND,10.67,GEM,DOQ/FCed,Private,Public,4.47E-06,0.008620454
562,TOWER TEE GOLF COMPLEX,40.22,COPAR,OK,Private,Public,1.68E-05,0.018853105
563,CONCORDIA PARK,12.4,COPARed,1.5a.+fudgedCSemOS,Private,Public,5.19E-06,0.009486098
564,ADVENTURE CAMPGROUND,10.94,GEM,DOQ/FCed,Private,Private,4.56E-06,0.009762067
565,ST. LOUIS ZOO PROPERTY,336.82,GEM/CALL,DOQ/FC/PBedApprx,Private,Private,0.000140688,0.062891604
566,SISTERS OF ST. FRANCIS PROPERTY,114.35,GEM,DOQ/PBed,Private,Private,4.78E-05,0.037728064
567,EARL WIDMAN COUNTY PARK,51.01,COPAR/LMGWR,Union/combo,County,Public,2.13E-05,0.042084599
568,EARL WIDMAN COUNTY PARK ADDITIONS,26.09,COPAR/LMGWR,Union/combo,County,Public,1.09E-05,0.023518378
569,ARNOLD UNIT 1 PUBLIC LAND,73.12,COPAR/LMGW, ,County,Public,3.05E-05,0.027264584
570,ARNOLD UNIT 1 PUBLIC LAND,6.22,COPAR/LMGWR, ,County,Public,2.59E-06,0.008800501
571,ARNOLD UNIT 1 PUBLIC LAND,11.74,COPAR/LMGWR, ,County,Public,4.90E-06,0.0161208
572,LOWER MERAMEC UNIT PUBLIC LAND,25.03,COPAR/LMGWR, ,County,Public,1.04E-05,0.017810218
573,FENTON PUBLIC LAND,6.55,COPAR, ,County,Public,2.74E-06,0.011346886
574,JEFFERSON WINTER PARK,13.39,GEM, ,County,Public,5.59E-06,0.013459092
575,A-B CONFERENCE & SPORTS COMPLEX,32.8,COPAR/LMGWR,union5,Private,Public,1.37E-05,0.016253096
576,UNGER COUNTY PARK,115.12,COPAR/LMGWR,unionSeveralCombine,County,Public,4.81E-05,0.077312412
577,GREENTREE PARK,95.77,COPARLMGWR,unionCombo,City,Public,4.00E-05,0.05471758
578,SIMPSON COUNTY PARK,202.61,COPARLMGWR,unionCombo,County,Public,,
579,MERAMEC LANDING PARK,55.28,COPAR/LMGWR,VLY PK,City,Public,2.31E-05,0.049700576
580,SIMPSON COUNTY PARK,36.22,COPAR/LMGWR,union2(S/O river),County,Public,1.51E-05,0.049005918
581,VALLEY PARK UNIT PUBLIC LAND,34.74,COPAR/LMGWR,union2,County,Public,1.45E-05,0.035169917
582,VALLEY PARK UNIT PUBLIC LAND,22.06,COPAR/LMGWR,union11,County,Public,9.22E-06,0.02000211
583,CASTLEWOOD UNIT PUBLIC LAND,5.37,COPAR/LMGWRed,EdForH2o,County,Public,2.24E-06,0.006184141
584,BUDER COUNTY PARK SOUTH,24.93,COPAR/LMGWR, ,County,Public,1.04E-05,0.015348729
585,BUDER COUNTY PARK,151.32,COPAR/LMGWR,BigCombo,County,Public,6.33E-05,0.107277628
586,BELLA FONTAINE COUNTY PARK,197.31,COPAR/WEBed,BigCombo,County,Public,8.27E-05,0.097662505
587,BOHRER COUNTY PARK,16.68,COPAR,merged,County,Public,6.97E-06,0.015219438
588,BON OAK COUNTY PARK,14.56,COPAR,WEBed,County,Public,6.10E-06,0.013331211
589,CASTLEPOINT COUNTY PARK,10.71,COPAR,WEBed,County,Public,4.49E-06,0.008747815
590,ROCKWOODS RANGE,1381.98,COPAR, ,County,Public,0.000577614,0.166850027
591,GREENSFELDER COUNTY PARK,1623.54,COPAR,WEBed,County,Public,0.00067868,0.240597702
592,JEFFERSON BARRACKS COUNTY PARK,425.65,COPAR,WEBed,County,Public,0.000177815,0.089432956
593,LOVE COUNTY PARK,48.65,COPAR,WEBed,County,Public,2.03E-05,0.020336052
594,MCDONNELL MEMORIAL COUNTY PARK,129.25,COPAR,WEBed,County,Public,5.41E-05,0.058952667
595,BELLEVIEW FARM COUNTY PARK,98.93,COPAR/WEBed,Sherman Beach,County,Public,4.14E-05,0.029657071
596,SHERMAN BEACH PARK,77.71,COPAR,WEBed,County,Public,3.25E-05,0.042842178
597,PELICAN ISLAND NA,161.07,COPAR, ,MDC,Public,6.76E-05,0.086080536
598,PELICAN ISLAND NA,2061.39,COPAR, ,MDC,Public,0.000865497,0.178480881
599,PELICAN ISLAND NA,32.82,COPAR, ,MDC,Public,1.38E-05,0.026847066
600,PELICAN ISLAND NA,110.16,COPAR, ,MoDNR,Public,4.63E-05,0.036165524
601,PELICAN ISLAND ACCESS,37.79,COPAR, ,MDC,Public,1.59E-05,0.016597855
602,SPANISH LAKE COUNTY PARK,242.54,COPAR,WEBed,County,Public,0.00010171,0.05889903
603,SUSON COUNTY PARK,96.63,COPAR,WEBed,County,Public,4.03E-05,0.049557432
604,RIVERSIDE GC,92.64,COPAR,severalcombo,Private,Public,3.87E-05,0.040497299
605,PHANTOM FOREST CA,12.56,COPAR,wasMOPUB,MDC,Public,5.25E-06,0.00987754
606,WILD CHERRY RIDGE CA,8.87,COPAR,wasMOPUB,MDC,Public,3.72E-06,0.010333704
607,RIVERWOODS CA,116.97,COPAR,wasMOPUB,MDC,Public,4.91E-05,0.047016992
608,ELLENDALE & ARSENAL PARK,7.7,COPAR,2combo,City,Public,3.22E-06,0.009825995
609,CASINO QUEEN RV PARK,12.79,GEM,DOQed,Private,Public,5.35E-06,0.009340007
610,ARNOLD OPEN SPACE,134.62,AMRGMP,DOQedGEMaddn,City,Public,5.62E-05,0.041385695
611,ARNOLD OPEN SPACE,139.87,AMRGMP,DOQedGEMaddn,City,Public,5.83E-05,0.031832073
612,CONCORD OPTIMIST YOUTH SPORTS COMPLEX,10.02,COPAR,GEMaddn,Private,Public,4.19E-06,0.008529339
613,WILDFLOWER PARK,7.08,COPAR,GEMaddn,City,Public,2.97E-06,0.011649639
614,KOLPING KICKS SOCCER FIELDS,19.04,COPAR,GEMaddnEdited,Private,Public,7.95E-06,0.014757176
615,J. B. BOYS & GIRLS CLUB FIELDS,12,GEM,COPARfudged,Private,Public,5.01E-06,0.009292838
616,GOLF HEADQUARTERS FAMILY GOLFPLEX,47.86,COPAR,"PITCH/PUTT,ETC.",Private,Public,2.00E-05,0.023596954
617,KIRKWOOD SPORTS ASSOC. FIELDS,14.45,COPAR,GEMaddn,Private,Public,6.04E-06,0.009951125
618,TREECOURT SWIM & TENNIS CLUB,24.91,COPAR,GEMaddn,Private,Private,1.04E-05,0.012982439
619,BLACK FOREST COUNTY PARK,7.81,COPAR,merged4,County,Public,3.26E-06,0.007766846
620,RIVERCHASE OF FENTON,50.02,COPAR,REC. CTR.,City,Public,2.09E-05,0.021659674
621,FENTON OPEN SPACE,7.75,COPAR,GEMaddn,City,Public,3.24E-06,0.010257158
622,DREAM FIELDS SOUTH CO. ATHLETIC ASSOC.,18.39,COPAR,GEMaddn,Private,Public,7.68E-06,0.013476495
623,MANCHESTER BALL FIELDS,6.72,COPAR,GEMaddn,City,Public,2.81E-06,0.007924615
624,ARNOLD OPEN SPACE,195.45,AMRGMP,DOQedGEMaddn,City,Public,8.16E-05,0.07976774
625,ARNOLD OPEN SPACE,188.61,AMRGMP,DOQedGEMaddn,City,Public,7.87E-05,0.043144044
626,ARNOLD OPEN SPACE,281.05,AMRGMP,DOQedGEMaddn,City,Public,0.000117316,0.070744595
627,ARNOLD OPEN SPACE,96.38,AMRGMP,DOQedGEMaddn,City,Public,4.02E-05,0.032500283
628,ARNOLD OPEN SPACE,23.81,AMRGMP,DOQedGEMaddn,City,Public,9.94E-06,0.024769039
629,ARNOLD REC,14.74,AMRGMP,AMRGMPgetName,City,Public,6.15E-06,0.011233049
630,ARNOLD OPEN SPACE,61.1,AMRGMP,DOQedGEMaddn,City,Public,2.55E-05,0.045590377
631,HANLEY HILLS OPEN SPACE,23.27,COPAR,GEM/FCed,City,Public,9.75E-06,0.038711192
632,RIVER BEND ELEMENTARY SCHOOL PARK,9.47,COPAR,GEM/FCedWholePar,County, ,3.97E-06,0.008592533
633,FOREST LAKE SWIM & TENNIS CLUB,6.4,COPAR,GEM/FCed,Private,Private,2.68E-06,0.007822981
634,CEDAR MILL BATH & TENNIS CLUB,5.17,COPAR,GEM/FCed,Private,Private,2.16E-06,0.006069461
635,GREEN TRAILS ELEMENTARY SCHOOL PARK,12.43,COPAR,GEM/FCedWholePar,City,Public,5.21E-06,0.01109501
636,CHESTERFIELD ELEMENTARY SCHOOL PARK,18.38,COPAR,GEM/FCed+SchoolOS,City,Public,7.69E-06,0.011869188
637,LANDINGS AT SPIRIT GC,80.32,COPARfudged,GEM/FCedFudged,Private,Private,7.60E-05,0.059504918
638,CHESTERFIELD VALLEY GOLF CENTER,16.42,COPARed,GEM/FCedFudgedCOPAR,Private,Public,6.88E-06,0.010803869
639,GATEWAY GOLF CENTER,23.3,COPAR,GEM/FCed,Private,Public,9.76E-06,0.015485622
640,CENTRAL CITY PARK,35.54,COPAR,GEM/FCedUnion3,City,Public,1.49E-05,0.016180614
641,VILLAGE OF GREEN TRAILS LAKE,11.07,COPAR,GEM/FCed,City,Public,4.64E-06,0.019436548
642,CHESTERFIELD VALLEY ATHLETIC COMPLEX,128.61,COPAR,GEM4union,City,Public,5.39E-05,0.041244017
643,MO. BAPTIST FOUNDATION OPEN SPACE,192.37,GEM,DOQ/FCedForSale?,Private,Private,8.03E-05,0.043245829
644,MO. BAPTIST FOUNDATION OPEN SPACE,106.98,GEM,DOQ/FCedForSale?,Private,Private,4.47E-05,0.045824149
645,FAIRFIELD GC,57.09,GEM,DOQ/FCed,Private,Public,2.38E-05,0.023157948
646,NICOLAI PARK,6.99,COPAR,GEM/FCed,City,Public,2.93E-06,0.009583134
647,BLACK JACK CITY HALL OPEN SPACE,11.62,COPAR,GEM/FCed,City,Public,4.87E-06,0.009546956
648,K OF C CLUBGROUNDS,5.61,COPAR,GEM/FCed,Private,Private,2.35E-06,0.006276744
649,FLORISSANT ATHLETIC ASSOCIATION FIELDS,17.89,COPAR,GEM/FCed,Private,Public,7.51E-06,0.01139136
650,SLYSA AUBUCHON FIELDS,16.29,COPAR,GEM/FCed,Private,Public,6.84E-06,0.018188947
651,LITTLE CREEK WA,99.13,COPAR,GEM/FCed,MDC,Public,4.16E-05,0.032186899
652,LONG NARROW PARK,8.95,COPAR,GEM/FCed2comboUdevel,City,Public,3.75E-06,0.02023984
653,YMCA,13.78,COPAR,GEM/FCed,Private,Public,5.77E-06,0.00994945
654,DOHERTY PARK,5.96,COPAR,GEM/CITYaddn93flood,City,Public,2.50E-06,0.010707566
655,VAGO COMMUNITY PARK,34.05,COPARed,GEM/FCedApprox,City,Public,1.43E-05,0.031131545
656,MALLARD PARK,56.6,COPAR,GEMaddnBigUnion,City,Public,,
657,ROCK HOLLOW UNIT(PACKWOOD PARK),160.25,COPAR,union,County,Closed,6.70E-05,0.038369163
658,GLENCOE UNIT(PACKWOOD PARK),6.19,COPAR,union,County,Public,2.59E-06,0.023461421
659,GATEWAY GEYSER,11.44,GEM,DOQedGEM,Private,Public,4.79E-06,0.008144083
660,BROOKLYN EDUCATIONAL MEMORIAL PARK,8.16,GEM,ApprxInclSchoolAthle,City,Public,3.42E-06,0.008637511
661,JACKIE ROBINSON KHOURY LEAGUE FIELDS,19.22,GEM,DOQ/FCedDefunct?,Private,Public,8.04E-06,0.012361212
662,77TH STREET PARK,5.61,GEM,DOQ/FCed,City,Public,2.35E-06,0.006174541
663,BELLEFONTAINE CA,136.59,COPARed,DOQedGEMfudgedCopar,MDC,Public,5.73E-05,0.051466542
664,WASHINGTON PARK OPEN SPACE,5.87,GEM,DOQ/FCedDerelictPark,City,Public,2.46E-06,0.007946415
665,IMMACULATE CONCEPTION CHURCH PROPERTY,160,GEM,DOQ/FCedPB,City,Private,6.66E-05,0.042155208
666,VALMEYER OPEN SPACE,8.17,GEM,DOQ/FCed,City,Public,3.40E-06,0.008182955
667,VALMEYER ATHLETIC FIELDS,10.99,GEM,DOQ/FCed,City,Public,4.58E-06,0.011256578
668,BELLE FONTAINE HISTORIC SITE,6.53,GEM,DOQ/FCed,Private,Public,2.72E-06,0.008422274
669,CHAMBER OF COMMERCE PARK,5.97,GEM,DOQ/FCed,City,Public,2.49E-06,0.007016627
670,JAYCEE BALL DIAMONDS,11.3,GEM,DOQ/FCed,Private,Public,4.71E-06,0.009997204
671,GIBAULT HS ATHLETIC FIELDS,9.66,GEM,DOQ/FCed,Private,Private,4.03E-06,0.008272006
672,OERTER PARK,11.02,GEM,DOQ/FCed,City,Public,4.60E-06,0.012416539
673,COLUMBIA SOCCER FIELDS,11.12,GEM,DOQ/FCed,Private,Public,4.64E-06,0.00927882
674,K OF C CLUBGROUNDS,6.23,GEM,DOQ/FC/PBedApprx,Private,Private,2.60E-06,0.008066005
675,ELKS #2455 CLUBGROUNDS,10.82,GEM,DOQ/FC/PBedApprx,Private,Private,4.52E-06,0.010886722
676,ASSEMBLY OF GOD OPEN SPACE,5.21,GEM,DOQ/FCed,Private,Private,2.17E-06,0.006497122
677,NEW LIFE EVANGELISTIC CTR PROPERTY,191.19,GEM,DOQ/PBedApprx!!,Private,Private,7.97E-05,0.042285874
678,SPRINGDALE PARK,37.09,GEM,DOQ/FC/PBedComRec,Private,Private,1.55E-05,0.020341166
679,WOLF'S SOFTBALL HAVEN,6,GEM,DOQ/FCed,Private,Private,2.50E-06,0.006609339
680,FRANCISCAN MISSION,372.6,GEM,DOQ/PBedMinus,Private,Private,0.000155493,0.061841693
681,WASHINGTON UNIVERSITY PROPERTY,105.39,GEM,DOQ/PBed,Private,Private,4.40E-05,0.02677185
682,DEFUNCT RIVERFRONT COTTAGE PROPERTY,11.46,GEMCo,DOQ/FCedPossCoAcquis,Private,Private,4.79E-06,0.014527259
683,ARNOLD RIFLE & PISTOL CLUBGROUND,99.18,GEM,DOQ/PBedMinus,Private,Private,4.13E-05,0.031574305
684,NORTHWEST ATHLETIC ASSN. LITTLE LEAGUE,10.24,GEM,DOQ/FCed,Private,Public,4.27E-06,0.009566463
685,MOSENTHEIN ISLAND,970.61,GEM,DOQed,State,Public,0.000406603,0.094165905
686,HOLLOWAY PARK/POOL,8.9,COPARed,DOQ/FCedSplit,City,Public,3.72E-06,0.008304683
687,BALLWIN GC,63.59,COPARed,DOQ/FCedSplit,City,Public,2.66E-05,0.042648763
688,EDWARD PARK,6.27,COPAR,DOQ/FCedSubdivPark,Private,Private,2.62E-06,0.007885107
689,KIRCHER PARK,19.91,COPAR,DOQ/FCed,City,Public,8.32E-06,0.014925008
690,ELLISVILLE ATHLETIC ASSOCIATION FIELDS,23.26,COPAR,DOQ/FCed,Private,Public,9.73E-06,0.014435026
691,CITY OF ELLISVILLE OPEN SPACE,28.84,COPAR,DOQ/FCedRobin Park?,City,Public,1.21E-05,0.040263513
692,COUNTRY SURF SWIMMING CLUB,5.71,COPAR,DOQ/FCed,Private,Private,2.39E-06,0.00895356
693,MARIANIST RETREAT & CONFERENCE CENTER,113.04,COPAR,DOQ/FCed,Private,Private,4.73E-05,0.028271478
694,RADCLIFFE PLACE SWIM & TENNIS CLUB,5.5,COPAR,DOQ/FCed,Private,Private,2.30E-06,0.0087019
695,HILLTOP PARK,31.31,COPAR,DOQ/FCed,City,Public,1.31E-05,0.026241711
696,ROBERT WINTER COUNTY PARK,57.49,COPARed,rivAccessiblEdForh2o,County,Public,2.40E-05,0.033414571
697,GEORGE WINTER COUNTY PARK,102.58,COPARed,EdForh2o,County,Public,4.29E-05,0.056263707
698,ROCK HOLLOW UNIT(CASTLEWOOD SP),279.47,COPARed,EdForh2o/combo,State,Closed,0.000116832,0.131575532
699,MINI HA HA PARK,27.3,COPAR/WEB,approxWIP,City,Public,1.14E-05,0.026428523
700,PACIFIC PALISADES CA,479.08,MOPUB/COPARed,split for h2o,MDC,Public,0.000200106,0.097739729
701,PACIFIC PALISADES CA,133.37,MOPUBed,split for h2o,MDC,Public,5.57E-05,0.049565708
702,MOOSE CLUBGROUNDS,6.09,GEM,DOQed,Private,Private,2.56E-06,0.006693059
703,WEDGWOOD PARK,15.38,COPAR,DOQ/FCed,City,Public,6.45E-06,0.014338832
704,JACKSON PARK,6.16,COPAR,DOQedUnion3,City,Public,2.58E-06,0.008776415
705,WOMBACHER PARK,5.66,COPAR,DOQ/FCed,City,Public,2.37E-06,0.009083907
706,MARGARET STOECKER PARK,6.69,COPAR,DOQed,City,Public,2.80E-06,0.010823133
707,FOREST HOMES PARK,16.35,GEM,DOQ/FCed,City(Twp),Public,6.87E-06,0.010728506
708,LITZINGER ROAD ECOLOGY CTR,34.17,COPAR,MoBOTfacility,Private,Public,1.43E-05,0.024314457
709,WILDLIFE RESCUE CTR,17.3,COPAR, ,Private,Public,7.23E-06,0.029019067
710,FENTON PUBLIC LAND,5.36,COPAR, ,County,Public,2.24E-06,0.007787759
711,FENTON PUBLIC LAND,5.02,COPAR, ,County,Public,2.10E-06,0.006089774
712,FENTON ATHLETIC FIELDS,28.35,COPAR, ,Private,Public,1.18E-05,0.017201643
713,FENTON CITY PARK,95.6,COPAR,union,City,Public,4.00E-05,0.028211428
714,CRYSTAL SPRINGS QUARRY GC,251.15,COPARed,OK,Private,Private,0.00010525,0.070262867
715,CREVE COEUR COUNTY PARK,1279.79,COPARed,OK,County,Public,0.00053621,0.20898401
716,USACE LAND,68.62,COE map,DOQed,USA,Public,2.88E-05,0.025569353
717,I- 270 ROADSIDE REST AREA,6.35,GEM,DOQed,State,Public,2.66E-06,0.008915533
718,ROSENBURG HOMESTEAD,34.12,GRLT,DOQ/PBed,GRLT,Public,1.43E-05,0.015610643
719,MAYER WOODS,6.18,GRLT,DOQ/PBed,GRLT,Public,2.60E-06,0.008601238
720,PIASA CREEK WATERSHED #1,76.46,GRLT,DOQ/PBed,GRLT,Public,3.21E-05,0.031497845
721,MAGGOS WETLAND,15.36,GRLT,DOQ/PBed/conease,Private,Private,6.45E-06,0.010380568
722,LA VISTA PARK,93.74,GRLT,DOQ/PBed,City,Public,3.94E-05,0.035301882
723,GRLT OFFICE,10.18,GRLT,DOQ/PBed/conease,GRLT,Public,4.28E-06,0.00946107
724,OBLATE BUFFER,27.27,GRLT,DOQ/PBed,GRLT,Public,1.15E-05,0.015154823
725,SHOOK WOODS,15.35,GRLT,DOQ/PBed/conease,Private,Private,6.45E-06,0.013157074
726,HUTCHINSON BIRD SANCTUARY BUFFER,42.77,GRLT,DOQ/PBed/conease,TNI,Public,1.80E-05,0.02631053
727,BACHMAN FARM BUFFER,10.67,GRLT,DOQ/PBed/bufMSNP,TNI,Public,4.48E-06,0.008451722
728,POOLE FARM NP,17.18,GRLT,DOQ/PBed/conease,TNI,Public,7.22E-06,0.012801331
729,HUTCHINSON BIRD SANCTUARY BUFFER,21.75,GRLT,DOQ/PBed,GRLT,Public,9.14E-06,0.019217336
730,JOHN MADSON NA,7.37,GRLT,DOQ/PBed,GRLT,Public,3.10E-06,0.007435225
731,GREAT RIVERS RESOURCE CTR,201.63,MPB,COPAR/fudgeDOQed,Uncertain,Public,8.45E-05,0.067320218
732,MARISSA ROD & GUN CLUB,66.2,GEM,DOQ/PBedPLUS-ok,Private,Private,2.76E-05,0.045907856
733,WILLOUGHBY FARM,40.25,GEM,DOQ/PBedC2000TPL,City,Public,1.69E-05,0.016679847
734,HARRY'S HIDEAWAY NHL,20.87,GEM,DOQedPvtNHL,Private,Private,8.71E-06,0.01219126
735,QUIET PLACE NHL,6.17,GEM,DOQedPvtNHL,Private,Private,2.58E-06,0.010270311
736,FT. DE CHARTRES SHS(small part),54.37,GEM,DOQ/PBedApprox,IDNR,Private,2.26E-05,0.021134729
737,OLD VALMEYER CITY PARK,31.13,GEM,DOQ/FCedDefunct?,City,Public,1.30E-05,0.01439682
738,STEMLER CAVE WOODS NP,204.09,GEM,DOQ/PB120actualNP,IDC,Public,8.52E-05,0.049638863
739,DESPAIN WETLANDS LWR,165.3,GEM,DOQ/PBedApprox,Private,Private,6.88E-05,0.03848783
740,HORSHOE LAKE WETLANDS,32.01,GEM,DOQ/PBedC2000RC&D, ,Public,1.34E-05,0.022276688
741,SNAKEY ACRES NHL,35.25,GEM,DOQ/PBedApprox,Private,Private,1.47E-05,0.015474542
742,MARVIN A LLOYD NHL,7.32,GEM,DOQ/PBedApprox,Private,Private,3.05E-06,0.008220396
743,L SCHAEFER MEMORIAL HILL PRAIRIES LWR,135.14,GEM,DOQ/PBedApprox,Private,Private,5.63E-05,0.049364936
744,FLYWAY CLUB,13.39,COPAR, ,Private,Private,5.62E-06,0.018075944
745,OVER & UNDER CLUB,179.32,COPAR, ,Private,Private,7.53E-05,0.081013965
746,THE LIMIT DUCK CLUB,71.88,COPAR, ,Private,Private,3.02E-05,0.023692006
747,BLUE WING FARM CLUB,200.71,COPAR, ,Private,Private,8.43E-05,0.040726815
748,ATEY FARMS CLUB,83.84,COPAR, ,Private,Private,3.52E-05,0.026090195
749,WALNUT PARK CLUB,199.52,COPAR, ,Private,Private,8.38E-05,0.046831317
750,SIX GUN CLUB,57.78,COPAR, ,Private,Private,2.43E-05,0.030952447
751,DRAKE'S LANDING CLUB,14.41,COPAR, ,Private,Private,6.05E-06,0.014202648
752,OLD RIVER DUCK CLUB,6.77,COPAR, ,Private,Private,2.85E-06,0.006758114
753,ORO FARM II CLUB,324.09,COPAR, ,Private,Private,0.000136167,0.053253809
754,TEN HI FARMS CLUB,55.98,COPAR, ,Private,Private,2.35E-05,0.021744442
755,ORION DUCK CLUB,62.69,COPAR, ,Private,Private,2.63E-05,0.027178476
756,ACKERMANN DUCK CLUB,93.27,COPAR, ,Private,Private,3.92E-05,0.027879323
757,EMAR FARMS CLUB,161.74,COPAR, ,Private,Private,6.79E-05,0.052727163
758,WIDGEON CLUB,121.63,COPAR, ,Private,Private,5.11E-05,0.032050691
759,"FLYING ""B"" CLUB",22.67,COPAR, ,Private,Private,9.52E-06,0.015125138
760,MISSOURI VALLEY DUCK CLUB,37.59,COPAR, ,Private,Private,1.58E-05,0.018810531
761,REDEYE CLUB,43.26,COPAR, ,Private,Private,1.82E-05,0.024519837
762,FLYING L FARMS CLUB,54.94,COPAR, ,Private,Private,2.31E-05,0.021971476
763,PERUQUE CREEK FARMS CLUB,158.55,COPAR, ,Private,Private,6.66E-05,0.039234086
764,WINDFALL FARMS CLUB,335.1,COPAR, ,Private,Private,0.000140776,0.058201698
765,MARYLAND CLUB,119.9,COPAR, ,Private,Private,5.04E-05,0.057090905
766,PARIC ROOST CLUB,71.75,COPAR, ,Private,Private,3.01E-05,0.031873095
767,WEST WIND CLUB,91.37,COPAR, ,Private,Private,3.84E-05,0.034944358
768,PRAIRIE MARSH FARMS CLUB,49.38,COPAR, ,Private,Private,2.07E-05,0.020235545
769,HEDGEFIELD DUCK CLUB,336.5,COPAR, ,Private,Private,0.000141302,0.048695549
770,PADDLEFOOT DUCK CLUB,79.68,COPAR, ,Private,Private,3.34E-05,0.023766697
771,POOR BOY DUCK CLUB,23.32,COPAR, ,Private,Private,9.79E-06,0.013637126
772,MALLARD'S NEST CLUB,47.41,COPAR, ,Private,Private,1.99E-05,0.021157017
773,COTTONWOOD CLUB,44.98,COPAR, ,Private,Private,1.89E-05,0.017474187
774,SET WINGS CLUB,6.22,COPAR, ,Private,Private,2.61E-06,0.006912473
775,3 RIVER DUCK CLUB,21.5,COPAR, ,Private,Private,9.03E-06,0.014182284
776,PIN OAK DUCK CLUB,14.24,COPAR, ,Private,Private,5.98E-06,0.012285739
777,ORCHARD FARM DUCK CLUB,162.09,COPAR, ,Private,Private,6.81E-05,0.033290299
778,WILD WINGS CLUB,73.65,COPAR, ,Private,Private,3.09E-05,0.028972802
779,ONCE AROUND CLUB,15.56,COPAR, ,Private,Private,6.53E-06,0.012160367
780,PRAIRIE MARSH CLUB,33.65,COPAR, ,Private,Private,1.41E-05,0.022254661
781,SUNRISE DUCK CLUB,168.85,COPAR, ,Private,Private,7.09E-05,0.049055614
782,WINTER HAVEN CLUB,50.07,COPAR, ,Private,Private,2.10E-05,0.021381585
783,FISHER'S COVE CLUB,18.2,COPAR, ,Private,Private,7.65E-06,0.011715169
784,BELLEAU FARM CLUB,1661.87,COPAR, ,Private,Private,0.00069761,0.170296488
785,WHISTLING WINGS CLUB,778.76,COPAR, ,Private,Private,0.000326892,0.081514631
786,WEBFOOT DUCK CLUB,779.54,COPAR, ,Private,Private,0.000327242,0.096867613
787,WALDMEISTER DUCK CLUB,381.19,COPAR, ,Private,Private,0.000160036,0.058589338
788,SILVER CLUB,705.3,COPAR, ,Private,Private,0.00029607,0.110085348
789,ST. LOUIS PISCATORIAL CLUB,105.8,COPAR, ,Private,Private,4.44E-05,0.062077277
790,SEVEN OAKS FARM,53.97,COPAR, ,Private,Private,2.27E-05,0.024291653
791,TWIN RIVERS RANCH CLUB,425.57,COPAR, ,Private,Private,0.000178872,0.065713362
792,RACOON RANCH CLUB,1022.34,COPAR, ,Private,Private,0.000429733,0.135972733
793,RICHFIELD DUCK CLUB,575.23,COPAR, ,Private,Private,0.000241751,0.085745246
794,POSSUM RANCH CLUB,592.14,COPAR, ,Private,Private,0.000248879,0.094113487
795,MARAIS TEMPS CLAIR DUCK CLUB,695.83,COPAR, ,Private,Private,0.000292309,0.125752425
796,MAGNUM DUCK CLUB,50.85,COPAR, ,Private,Private,2.14E-05,0.032137958
797,MALLARD FARMS CLUB,81.65,COPAR, ,Private,Private,3.43E-05,0.037397631
798,PLEASANT UNION CLUB,1245.45,COPAR, ,Private,Private,0.000523332,0.250404818
799,ORO FARM I CLUB,166.68,COPAR, ,Private,Private,7.00E-05,0.042546924
800,HORSESHOE LAKE CLUB,1185.83,COPAR, ,Private,Private,0.00049819,0.160343417
801,BLIND DUCK CLUB,647.17,COPAR, ,Private,Private,0.000271953,0.104447098
802,CUIVRE CLUB,1991.02,COPAR, ,Private,Private,0.000836246,0.151174996
803,DARDENNE CLUB,1473.9,COPAR, ,Private,Private,0.000618917,0.113329373
804,DILLARD DUCK CLUB,465.31,COPAR, ,Private,Private,0.000195339,0.163238724
805,BLUFFVIEW FARMS CLUB,270.4,COPAR, ,Private,Private,0.000113641,0.06889208
806,DUCKAWAY FARMS CLUB,1662.74,COPAR, ,Private,Private,0.000698373,0.274391391
807,FLOODED FARMS CLUB,46.54,COPAR, ,Private,Private,1.96E-05,0.019384755
808,BETHMANN DUCK CLUB,198.73,COPAR, ,Private,Private,8.34E-05,0.055859912
809,BELLEAU FARM II CLUB,40.27,COPAR, ,Private,Private,1.69E-05,0.016671189
810,BALDWIN LAND COMPANY CLUB,796.24,COPAR, ,Private,Private,0.000334195,0.111664912
811,MARSHLAND GAME PRESERVE,539.49,COPAR, ,Private,Private,0.000226644,0.098643956
812,O & H DUCK CLUB,222.63,COPAR, ,Private,Private,9.35E-05,0.050695769
813,PURDY FARMS CLUB,583.79,COPAR, ,Private,Private,0.000245082,0.118894382
814,WREN'S RANCH CLUB,72.87,COPAR, ,Private,Private,3.06E-05,0.032099685
815,MODOC PROPERTY,73.68,COPAR,ISLAND,MoDOC,Public,3.09E-05,0.032539365
816,BORROW PIT CA,41.82,COPAR,FCsignsNowUSA?,USA,Public?,1.76E-05,0.016882585
817,MATSON HILL PARK,64.97,COPAR, ,County,Public,2.72E-05,0.024465223
818,BOONE VALLEY CC,427.94,COPAR, ,Private,Private,0.000179149,0.066928195
819,WOODLAND SPORTS PARK,96.81,COPAR, ,City,Public,4.06E-05,0.028108484
820,LIONS PARK,33.31,COPAR, ,City,Public,1.40E-05,0.021348122
821,OLD TOWN PARK,7.93,COPAR, ,City,Public,3.33E-06,0.008178478
822,DARDENNE PARK,31.37,COPAR, ,City,Public,1.32E-05,0.035650017
823,RABBIT RUN PARK,18.95,COPAR, ,City,Public,7.95E-06,0.012775167
824,COVENANT TRAIL PARK,5.92,COPAR, ,City,Public,2.48E-06,0.015333814
825,COVENANT PARK,7.33,COPAR, ,City,Public,3.07E-06,0.01005033
826,JAYCEE PARK,16.31,COPAR, ,City,Public,6.84E-06,0.013550565
827,SHADY SPRINGS PARK,12.84,COPAR, ,City,Public,5.39E-06,0.013063682
828,BLANCHETTE PARK,44.95,COPAR, ,City,Public,1.89E-05,0.018800898
829,SCHNEIDER KIWANIS PARK,18.97,COPAR,plus other P/W ppty,City,Public,7.96E-06,0.011232403
830,HEATHERBROOK PARK,10.34,COPAR,plus other P/W ppty,City,Public,4.34E-06,0.011031248
831,WOODLANDS  PARK,8.54,COPAR, ,City,Public,3.58E-06,0.01357383
832,MARAIS TEMPS CLAIR CA,965.1,COPAR, ,MoDOC,Public,0.000405371,0.100944341
833,MUELLER SPORTS COMPLEX,55.04,COPAR, ,City,Public,2.31E-05,0.021536394
834,MC NAIR PARK,94.41,COPAR, ,City,Public,3.96E-05,0.032232348
835,ST ANDREWS GC,105.1,COPAR, ,Private,Public,4.41E-05,0.035387894
836,KLONDIKE PARK,266.85,COPAR, ,County,Public,0.000111636,0.101846456
837,NEW MELLE LAKES GC,191.91,COPAR, ,Private,Public,8.04E-05,0.037381463
838,HOWELL ISLAND CA,2579.64,COPAR, ,MoDOC,Public,0.00108026,0.199815511
839,WHITMOOR CC,280.81,COPAR, ,Private,Private,0.000117677,0.289456691
840,PERSIMMON WOODS GC,190.42,COPAR, ,Private,Private,7.98E-05,0.04216727
841,DARDENNE LAKES,61.41,COPAR, ,Private,Public,2.32E-05,0.026739572
842,THE LINKS AT DARDENNE,158.53,COPAR, ,Private,Public,6.45E-05,0.075789718
843,HAWK RIDGE MUNICIPAL GC,186.52,COPAR, ,City,Public,7.82E-05,0.057726665
844,FOUNDERS PARK,49.32,COPAR, ,City,Public,2.07E-05,0.019924504
845,BOULEVARD PARK,19.15,COPAR, ,City,Public,8.04E-06,0.013266506
846,WINGHAVEN CC,209.7,COPAR, ,Private,Private,8.79E-05,0.091932063
847,LAKE FOREST G & CC,158.72,COPAR, ,Private,Private,6.66E-05,0.060288504
848,FT ZUMWALT PARK,48.25,COPAR, ,City,Public,2.02E-05,0.022119838
849,THE FALLS GC,218.92,COPAR, ,Private,Public,9.18E-05,0.126869379
850,WESTHOFF PARK,68.71,COPAR, ,City,Public,2.88E-05,0.027864394
851,T R HUGHES STADIUM/OZZIE SMITH COMPLEX,78.65,COPAR, ,City,Public,3.30E-05,0.028082427
852,ST PETERS GOLF & REC CTR,119.04,COPAR, ,City,Public,4.99E-05,0.050404292
853,LONE WOLF PARK,11.72,COPAR, ,City,Public,4.92E-06,0.011807879
854,SPORTS CTR PARK,17.79,COPAR, ,City,Public,7.46E-06,0.014976785
855,BROWN ROAD PARK,22.79,COPAR, ,City,Public,9.56E-06,0.013760031
856,MID RIVERS GOLF COMPLEX,114.35,COPAR, ,Public,Public,4.80E-05,0.035276951
857,BOGEY HILLS CC,94.3,COPAR, ,Private,Public,3.95E-05,0.037719634
858,WAPELHORST PARK,72.28,COPAR, ,City,Public,3.03E-05,0.027935491
859,LAUREL PARK,46.38,COPAR, ,City,Public,1.94E-05,0.023028895
860,GLEN TRAVIS PARK,16.96,COPAR, ,City,Public,7.11E-06,0.01534432
861,TONY GLAVIN SOCCER COMPLEX,32.67,COPAR, ,Private,Public,1.37E-05,0.019856674
862,BROOKMOUNT TRAIL PARK,15.86,COPAR, ,City,Public,6.65E-06,0.034582793
863,CITY CENTRE PARK,73.99,COPAR, ,City,Public,3.10E-05,0.042256823
864,SPENCER CREEK PARK,38.65,COPAR, ,City,Public,1.62E-05,0.050235205
865,ST CHARLES GC,182.98,COPAR, ,Private,Public,7.67E-05,0.06999455
866,FRONTIER PARK,34.07,COPAR, ,City,Public,1.43E-05,0.034136432
867,SUNDERMEIER RV PARK,9.06,COPAR, ,Private,Public,3.80E-06,0.010679316
868,BOONSLICK PARK,14.84,COPAR, ,City,Public,6.22E-06,0.02158187
869,MODOC PROPERTY,785.82,COPAR, ,MoDOC,Unknown,0.000328846,0.166744602
870,DAMES PARK,77.03,COPARed,COPAR minus part WEB,City,Public,3.23E-05,0.025704599
871,WINTERHAVEN PARK,19.67,COPAR, ,City,Public,8.25E-06,0.032912058
872,SACHS PARKLAND DONATION,77.41,COPARed,WEBed overDOQ,City,Public,3.25E-05,0.033322018
873,OFALLON SP0RTS PARKS,143.85,COPARed,inclPheasRunGCpar3,City,Public,7.09E-05,0.046570216
874,BUSCH MEMORIAL CA,6913.06,COPAR, ,MoDOC,Public,0.0028974,0.515811187
875,WELDON SPRING CA,7377.37,COPAR,comb'd w/island,MoDOC,Public,0.003090296,0.800509071
876,CIVIC PARK,20.86,COPAR, ,City,Public,8.75E-06,0.025387329
877,FOREST ACRES BUYOUTS,87.23,GEM,DOQ/PBed-apprxRC&D, , ,3.65E-05,0.024350147
878,STATE OF ILLINOIS PROPERTY,12.48,GEM,DOQ/PBed-apprxRC&D,State,Unknown,5.22E-06,0.009960467
879,ST CLAIR COUNTY PROPERTY,69.52,GEM,DOQ/PBed-apprxFEMA,County,Unknown,2.91E-05,0.024113942
880,ST CLAIR COUNTY PROPERTY,142.2,GEM,DOQ/PBed-apprxFEMA,County,Unknown,5.95E-05,0.046088178
881,GRAVOIS CREEK CA,13.26,COPAR,MDCmnhp,MoDOC,Public,5.54E-06,0.011253993
882,BITTERSWEET WOODS,11.37,COPAR,WEBGoodsonPptyWIP,MoDOC,Public,4.76E-06,0.009272579
883,BECKMEIER(AUGUST G.) CA,47.96,COPAR,MDCmnhpNOTconfirmd,MoDOC,Public,2.01E-05,0.021141776
884,OPTIMIST PARK,5.33,EWGCC,FCshape,City,Public,2.23E-06,0.00623697
885,BROEMMELSIEK PARK,393.27,COPAR,undeveloped802,County,Public,0.000164831,0.087741179
886,NORTH RIVERFRONT PARK,12.98,EWGCC, ,City,Public,5.86E-05,0.053990064
887,DEFUNCT CHAIN OF ROCKS PARK,6.05,EWGCC, ,City,Public,2.73E-05,0.042003413
888,POLISH AMERICAN WAS VET CLUB,19.84,GEM,PB,Private,Private,8.30E-06,0.013074968
889,TOUR-3 GC,25.51,GEM,DOQ/COPARfudge,Private,Public,1.07E-05,0.014173026
890,LONE ELK COUNTY PARK,579.16,COPAR2combo, ,County,Public,0.000242067,0.103569092
891,JACKIE JOYNER-KERSEE CENTER,35.49,EWGCC,DOQed,City,Public,1.49E-05,0.015357673
892,JONES PARK,120.15,EWGCC,DOQed-ok,City,Public,5.03E-05,0.046974836
893,WILD CANID SANCTUARY,598.64,COPAR, ,Private,Public,0.000249917,0.109801012
894,PROPOSED GRANT'S TRAIL,24.15,COPARed,News article.,Private,Public,1.01E-05,0.069167425
895,DARDENNE CREEK GREENWAY,161.65,GRG/COPAR,Part fudged,GRG,Public,6.78E-05,0.080745961
896,ST LOUIS COUNTY OPEN SPACE,18.93,Ben Knox, ,County,Public,7.91E-06,0.028956166
897,ST LOUIS COUNTY OPEN SPACE,22.4,Ben Knox, ,County,Public,9.36E-06,0.017895712
898,ST LOUIS COUNTY OPEN SPACE,111.55,Ben Knox, ,County,Public,4.67E-05,0.03147746
899,ST LOUIS COUNTY OPEN SPACE,14.86,Ben Knox, ,County,Public,6.21E-06,0.010060809
900,ST LOUIS COUNTY OPEN SPACE,17.4,Ben Knox, ,County,Public,7.27E-06,0.014263211
901,FREYMUTH PARK,90.26,COPAR, ,City,Public,3.79E-05,0.025149573
902,YOUTH ACTIVITY PARK,31.11,COPAR, ,City,Public,1.31E-05,0.017105656
903,GREEN FOREST PARK,25.65,COPAR, ,City,Public,1.08E-05,0.030230612
904,JONES CONFLUENCE SP,1243.8,COPAR, ,MoDNR,Public,0.000522264,0.109427212
905,COLUMBIA GC,150.18,EWGCC, ,Private,Public,2.72E-05,0.024454734
906,COLUMBIA BRIDGES GC,124.9,GEM,DOQed-FCshape,Private,Public,5.18E-05,0.043415961
907,KASKASKIA RIVER SFWA,8193.76,ISGSed,edited as necessary,IDNR,Public,0.002413978,0.870057699
908,TAMARAWA SCOUT CAMP,27.09,GEM,DOQ/PBed,Private,Semi-Public,9.85E-06,0.013023637
909,COLUMBIA GC,150.18,EWGCC, ,Private,Public,3.55E-05,0.038012453
910,KASKASKIA RIVER SFWA,8193.76,ISGSed,edited as necessary,IDNR,Public,0.000997239,0.410177554
911,KATY TRAIL SP,378.55,COPAR,parcel-based 6/20/02,MoDNR,Public,3.99E-05,0.3828443
912,KATY TRAIL SP,378.55,COPAR,parcel-based 6/20/02,MoDNR,Public,0.000115224,0.740908874
913,KATY TRAIL SP,135.76,EWGCC, ,MoDNR,Public,5.70E-05,0.399177642
914,"DUSABLE PARK, AUGUST REGOT AREA",11.33,EWGCC, ,City,Public,4.75E-06,0.010542833
915,BLANCHETTE LANDING RIVER ACCESS,21.08,EWGCC, ,City,Public,8.85E-06,0.0151101
916,"DUSABLE PARK, ED BALES AREA",16.22,EWGCC, ,City,Public,6.81E-06,0.016425958
